SET FOREIGN_KEY_CHECKS=0;

-- ----------------------------
-- Table structure for posts
-- ----------------------------
DROP TABLE IF EXISTS `posts`;
CREATE TABLE `posts` (
  `id` int(10) unsigned NOT NULL AUTO_INCREMENT,
  `user_id` int(10) unsigned DEFAULT NULL,
  `title` varchar(255) DEFAULT NULL,
  `image` varchar(255) DEFAULT NULL,
  `description` varchar(255) DEFAULT NULL,
  `content` text,
  `status` tinyint(4) NOT NULL DEFAULT '1' COMMENT '1: active, 0: deactive',
  `created_at` timestamp NULL DEFAULT NULL,
  `updated_at` timestamp NULL DEFAULT NULL,
  PRIMARY KEY (`id`),
  KEY `user_id` (`user_id`),
  CONSTRAINT `posts_ibfk_1` FOREIGN KEY (`user_id`) REFERENCES `users` (`id`) ON DELETE CASCADE ON UPDATE CASCADE
) ENGINE=InnoDB AUTO_INCREMENT=101 DEFAULT CHARSET=utf8;

-- ----------------------------
-- Records of posts
-- ----------------------------
INSERT INTO `posts` VALUES ('1', '1', 'Ea et quidem quis.', 'http://lorempixel.com/480/480/?93711', 'Eaque non tempore rerum pariatur nisi quia. Quas ut eos et maxime. Consequatur quia facere quasi nemo. Quisquam ad aut ut doloribus nam dolore. Dolores assumenda velit numquam.', 'Mock Turtle, and said \'That\'s very curious!\' she thought. \'I must be getting home; the night-air doesn\'t suit my throat!\' and a pair of gloves and a Long Tale They were just beginning to end,\' said the Mock Turtle replied, counting off the subjects on his flappers, \'--Mystery, ancient and modern, with Seaography: then Drawling--the Drawling-master was an immense length of neck, which seemed to be an old conger-eel, that used to know. Let me see: four times six is thirteen, and four times six.', '1', '2017-07-07 02:48:46', '2017-07-07 02:48:46');
INSERT INTO `posts` VALUES ('2', '5', 'Aut est recusandae praesentium autem voluptatem cupiditate quos.', 'http://lorempixel.com/480/480/?85255', 'Dolorum aliquam tempore debitis. Quos esse eum voluptatem tenetur. Dignissimos recusandae minima voluptatem voluptatem. Ab ad magni sapiente unde et perferendis porro.', 'But do cats eat bats?\' and sometimes, \'Do bats eat cats?\' for, you see, Miss, we\'re doing our best, afore she comes, to--\' At this moment the door as you say \"What a pity!\"?\' the Rabbit actually TOOK A WATCH OUT OF ITS WAISTCOAT-POCKET, and looked at it gloomily: then he dipped it into his cup of tea, and looked at the bottom of the court. \'What do you like the three gardeners, but she thought it would be worth the trouble of getting up and picking the daisies, when suddenly a footman in.', '0', '2017-07-07 02:48:46', '2017-07-07 02:48:46');
INSERT INTO `posts` VALUES ('3', '10', 'Enim assumenda delectus cum.', 'http://lorempixel.com/480/480/?81083', 'Culpa vel dolorem voluptates architecto. Ducimus quidem est sint omnis dolorem similique accusamus. Sint illum et consequuntur est veniam ipsam. Tempore consequatur et vel ut quo ut et.', 'Mock Turtle: \'nine the next, and so on.\' \'What a curious appearance in the window, and some were birds,) \'I suppose so,\' said the Hatter. \'It isn\'t a letter, written by the White Rabbit with pink eyes ran close by it, and found that her flamingo was gone in a deep, hollow tone: \'sit down, both of you, and must know better\'; and this was of very little use, as it was not easy to know when the race was over. Alice was not otherwise than what you like,\' said the Dormouse, who seemed too much.', '1', '2017-07-07 02:48:46', '2017-07-07 02:48:46');
INSERT INTO `posts` VALUES ('4', '1', 'Qui enim natus sit unde qui nemo voluptatem.', 'http://lorempixel.com/480/480/?98154', 'Id ut nemo et temporibus libero. Commodi expedita omnis iusto molestias. Veritatis aut est omnis nostrum. Reprehenderit dolor qui consequatur qui placeat.', 'And yet I wish you wouldn\'t keep appearing and vanishing so suddenly: you make one repeat lessons!\' thought Alice; \'I daresay it\'s a set of verses.\' \'Are they in the morning, just time to avoid shrinking away altogether. \'That WAS a curious appearance in the direction in which you usually see Shakespeare, in the middle, being held up by wild beasts and other unpleasant things, all because they WOULD not remember the simple and loving heart of her ever getting out of sight; and an old Crab took.', '0', '2017-07-07 02:48:46', '2017-07-07 02:48:46');
INSERT INTO `posts` VALUES ('5', '12', 'Ut aut dolor ratione nulla molestiae quia.', 'http://lorempixel.com/480/480/?42264', 'Quia debitis voluptatem eius ut minima quos. Voluptatum sed voluptatum harum veritatis. Molestiae quis ut odit quasi omnis dolor.', 'The Queen!\' and the Queen was in confusion, getting the Dormouse followed him: the March Hare went on. \'We had the door with his tea spoon at the Duchess sneezed occasionally; and as it settled down in an impatient tone: \'explanations take such a capital one for catching mice--oh, I beg your pardon!\' she exclaimed in a moment. \'Let\'s go on with the clock. For instance, if you please! \"William the Conqueror, whose cause was favoured by the pope, was soon left alone. \'I wish I had not as yet had.', '0', '2017-07-07 02:48:46', '2017-07-07 02:48:46');
INSERT INTO `posts` VALUES ('6', '2', 'Cumque repellendus quisquam aperiam voluptatem ea ipsum.', 'http://lorempixel.com/480/480/?81294', 'Et eaque architecto reiciendis repellendus et. Dolore sed dolorem quia possimus. Nam pariatur eos et. Voluptatem dolores soluta iusto optio.', 'Alice thought she had found the fan she was now the right thing to get an opportunity of adding, \'You\'re looking for eggs, I know is, something comes at me like a star-fish,\' thought Alice. \'I wonder how many miles I\'ve fallen by this time.) \'You\'re nothing but out-of-the-way things had happened lately, that Alice had no idea what you\'re talking about,\' said Alice. \'Come, let\'s try the whole cause, and condemn you to set about it; if I\'m not Ada,\' she said, by way of expressing yourself.\' The.', '1', '2017-07-07 02:48:46', '2017-07-07 02:48:46');
INSERT INTO `posts` VALUES ('7', '5', 'Omnis beatae incidunt quidem tempore.', 'http://lorempixel.com/480/480/?88948', 'Qui esse reprehenderit qui eos. Ad nobis repellat laudantium id et et natus. Quaerat quo sed eum sed dolorem sunt. Totam consequatur nihil non dicta quidem iusto nemo.', 'King in a deep voice, \'are done with a cart-horse, and expecting every moment to be no chance of getting up and repeat something now. Tell her to begin.\' He looked anxiously over his shoulder with some difficulty, as it didn\'t sound at all what had become of me?\' Luckily for Alice, the little golden key, and unlocking the door as you go on? It\'s by far the most important piece of evidence we\'ve heard yet,\' said Alice; \'but a grin without a porpoise.\' \'Wouldn\'t it really?\' said Alice a little.', '0', '2017-07-07 02:48:46', '2017-07-07 02:48:46');
INSERT INTO `posts` VALUES ('8', '45', 'Sunt quae corrupti cupiditate eos fugiat.', 'http://lorempixel.com/480/480/?38426', 'Enim voluptas et dignissimos. Modi culpa et id et aut aspernatur. Qui qui quos eos nulla rem recusandae tempore voluptates. Ipsum porro voluptatem rerum ab explicabo laborum ut.', 'I should understand that better,\' Alice said to the game, feeling very glad that it might be hungry, in which you usually see Shakespeare, in the pictures of him), while the Mock Turtle, suddenly dropping his voice; and Alice rather unwillingly took the cauldron of soup off the cake. * * * * * * * * * * * * * * * * * CHAPTER II. The Pool of Tears \'Curiouser and curiouser!\' cried Alice (she was so large a house, that she ran across the field after it, \'Mouse dear! Do come back and finish your.', '1', '2017-07-07 02:48:46', '2017-07-07 02:48:46');
INSERT INTO `posts` VALUES ('9', '1', 'Et fuga laudantium in.', 'http://lorempixel.com/480/480/?20823', 'Ratione illo laudantium nostrum in et. Nobis ab laudantium nemo numquam voluptate. Incidunt eaque non autem voluptate molestiae laudantium.', 'Tell her to wink with one finger; and the March Hare took the hookah out of its mouth and yawned once or twice, and shook itself. Then it got down off the mushroom, and her eyes to see anything; then she walked sadly down the bottle, she found this a good deal until she had someone to listen to her, though, as they lay on the trumpet, and then keep tight hold of its mouth open, gazing up into the court, without even waiting to put everything upon Bill! I wouldn\'t say anything about it, even if.', '0', '2017-07-07 02:48:46', '2017-07-07 02:48:46');
INSERT INTO `posts` VALUES ('10', '1', 'Voluptates ducimus non laudantium eveniet dolore.', 'http://lorempixel.com/480/480/?90726', 'Et fugiat et harum ea. Maxime non repellendus nulla quod sit. Mollitia aut perspiciatis omnis animi ab voluptas. Quae molestiae eos earum porro temporibus ducimus soluta.', 'The first witness was the first sentence in her hand, and a great hurry to get to,\' said the Pigeon had finished. \'As if I would talk on such a dreadful time.\' So Alice began to tremble. Alice looked at Alice, and she drew herself up closer to Alice\'s side as she could remember them, all these strange Adventures of hers that you think you\'re changed, do you?\' \'I\'m afraid I don\'t keep the same solemn tone, \'For the Duchess. An invitation from the trees under which she concluded that it might.', '0', '2017-07-07 02:48:46', '2017-07-07 02:48:46');
INSERT INTO `posts` VALUES ('11', '3', 'Et magnam natus et ratione tempora quae.', 'http://lorempixel.com/480/480/?69294', 'Dolores ullam id voluptas adipisci commodi et. Quia ipsam nesciunt animi molestiae quia. Voluptas est beatae autem nam. Odio quibusdam nisi quibusdam omnis enim unde beatae at.', 'Wonderland, though she knew that it was her dream:-- First, she tried to fancy to herself in Wonderland, though she felt very lonely and low-spirited. In a little worried. \'Just about as much as serpents do, you know.\' It was, no doubt: only Alice did not like the Queen?\' said the Caterpillar. Alice folded her hands, and was going to leave off being arches to do it! Oh dear! I\'d nearly forgotten that I\'ve got to come yet, please your Majesty,\' said the Cat, as soon as she could, \'If you.', '0', '2017-07-07 02:48:46', '2017-07-07 02:48:46');
INSERT INTO `posts` VALUES ('12', '1', 'Consequatur rerum aut ex enim.', 'http://lorempixel.com/480/480/?34509', 'Fugit quaerat quia omnis cum quo. Earum ullam veritatis hic. Et aut dignissimos atque ad omnis rem soluta possimus.', 'The Dormouse slowly opened his eyes. He looked at the end of every line: \'Speak roughly to your little boy, And beat him when he sneezes: He only does it matter to me whether you\'re a little snappishly. \'You\'re enough to look for her, and the roof of the sort. Next came the royal children; there were TWO little shrieks, and more puzzled, but she had never done such a very difficult game indeed. The players all played at once in the beautiful garden, among the branches, and every now and then;.', '0', '2017-07-07 02:48:46', '2017-07-07 02:48:46');
INSERT INTO `posts` VALUES ('13', '1', 'Quia eum deserunt et officia.', 'http://lorempixel.com/480/480/?16320', 'Voluptatem sed asperiores unde error earum dolores. Qui veniam minus dolorem vel. Est quisquam non quod atque.', 'For, you see, because some of YOUR business, Two!\' said Seven. \'Yes, it IS his business!\' said Five, in a melancholy way, being quite unable to move. She soon got it out loud. \'Thinking again?\' the Duchess said in an offended tone, \'was, that the best way you have just been reading about; and when she noticed that they were lying round the refreshments!\' But there seemed to be a LITTLE larger, sir, if you like,\' said the Hatter. He came in sight of the court,\" and I could say if I know I do!\'.', '0', '2017-07-07 02:48:46', '2017-07-07 02:48:46');
INSERT INTO `posts` VALUES ('14', '3', 'Adipisci facere quidem commodi inventore cumque.', 'http://lorempixel.com/480/480/?91480', 'Consectetur ut ut quo. Voluptatem illum beatae quis laboriosam quod quis omnis. Saepe eos recusandae possimus aperiam vel voluptatem.', 'Mouse, frowning, but very politely: \'Did you say pig, or fig?\' said the last time she had felt quite unhappy at the other, and growing sometimes taller and sometimes shorter, until she made it out loud. \'Thinking again?\' the Duchess asked, with another dig of her head struck against the ceiling, and had just begun to think that will be much the most confusing thing I know. Silence all round, if you hold it too long; and that you have just been picked up.\' \'What\'s in it?\' said the Gryphon, and,.', '1', '2017-07-07 02:48:46', '2017-07-07 02:48:46');
INSERT INTO `posts` VALUES ('15', '1', 'Minus quasi sit eum commodi aliquam rerum nam.', 'http://lorempixel.com/480/480/?79538', 'Et expedita odio minima fugiat iusto pariatur quos atque. Voluptatem esse ut explicabo occaecati nemo perspiciatis quos. Quae labore cum vitae commodi. Veritatis doloribus alias earum.', 'So she sat down and looked at her, and the little door into that lovely garden. First, however, she went on: \'But why did they draw the treacle from?\' \'You can draw water out of sight. Alice remained looking thoughtfully at the bottom of a large caterpillar, that was said, and went by without noticing her. Then followed the Knave was standing before them, in chains, with a cart-horse, and expecting every moment to think this a very little! Besides, SHE\'S she, and I\'m sure I don\'t remember.', '1', '2017-07-07 02:48:46', '2017-07-07 02:48:46');
INSERT INTO `posts` VALUES ('16', '5', 'Ipsum qui deserunt et alias.', 'http://lorempixel.com/480/480/?12848', 'Earum reprehenderit commodi ad fugit hic ullam. Sed neque ut sint consequuntur. Minima unde dolorum vero deserunt ipsam eos dolorum voluptatem.', 'HE taught us Drawling, Stretching, and Fainting in Coils.\' \'What was that?\' inquired Alice. \'Reeling and Writhing, of course, I meant,\' the King put on your head-- Do you think you\'re changed, do you?\' \'I\'m afraid I can\'t quite follow it as well as pigs, and was surprised to see if she had been would have done that?\' she thought. \'I must be getting somewhere near the door of which was a dead silence instantly, and neither of the March Hare, \'that \"I like what I was sent for.\' \'You ought to be.', '0', '2017-07-07 02:48:46', '2017-07-07 02:48:46');
INSERT INTO `posts` VALUES ('17', '5', 'Tenetur facilis autem autem.', 'http://lorempixel.com/480/480/?86690', 'Enim omnis quasi modi fugit rerum aut quam. Aut eaque suscipit sed est a ut. Hic aut nemo nihil distinctio fugit libero odio aut. Quia est nesciunt et earum.', 'Soup? Beau--ootiful Soo--oop! Soo--oop of the Gryphon, and, taking Alice by the carrier,\' she thought; \'and how funny it\'ll seem to have him with them,\' the Mock Turtle, \'but if you\'ve seen them so shiny?\' Alice looked at Alice, as the other.\' As soon as there seemed to be true): If she should push the matter with it. There was certainly English. \'I don\'t know where Dinn may be,\' said the Caterpillar, and the baby--the fire-irons came first; then followed a shower of saucepans, plates, and.', '1', '2017-07-07 02:48:46', '2017-07-07 02:48:46');
INSERT INTO `posts` VALUES ('18', '20', 'Placeat doloribus dolorem earum est et.', 'http://lorempixel.com/480/480/?28603', 'Molestiae ullam debitis aliquid ut deserunt. Dolores magnam in quod repellat repellendus tenetur enim. Aspernatur eum vitae qui mollitia non. Quasi incidunt dolores et fugiat.', 'White Rabbit interrupted: \'UNimportant, your Majesty means, of course,\' he said in an offended tone, and everybody else. \'Leave off that!\' screamed the Queen. \'You make me smaller, I suppose.\' So she swallowed one of the officers: but the Hatter was the King; \'and don\'t be nervous, or I\'ll kick you down stairs!\' \'That is not said right,\' said the Mock Turtle sang this, very slowly and sadly:-- \'\"Will you walk a little scream, half of them--and it belongs to the table for it, you know--\'.', '1', '2017-07-07 02:48:46', '2017-07-07 02:48:46');
INSERT INTO `posts` VALUES ('19', '7', 'Est minus qui culpa sit et.', 'http://lorempixel.com/480/480/?43263', 'Delectus eos est consectetur quia fugiat ratione. Quia rerum sunt omnis quo voluptatem itaque. Maxime ut eum nulla quia eaque quis. Et deleniti perspiciatis voluptatem eum.', 'I think?\' he said in an agony of terror. \'Oh, there goes his PRECIOUS nose\'; as an explanation; \'I\'ve none of them didn\'t know it was labelled \'ORANGE MARMALADE\', but to get in at all?\' said the Caterpillar took the hookah out of his teacup and bread-and-butter, and then at the Gryphon at the other, looking uneasily at the Lizard in head downwards, and the poor child, \'for I can\'t be Mabel, for I know who I am! But I\'d better take him his fan and gloves, and, as the other.\' As soon as it went,.', '0', '2017-07-07 02:48:46', '2017-07-07 02:48:46');
INSERT INTO `posts` VALUES ('20', '4', 'Soluta nesciunt possimus cumque provident tempora.', 'http://lorempixel.com/480/480/?63528', 'Similique culpa voluptas esse consequatur explicabo ad. Debitis quo dolores sit quis voluptatibus earum qui voluptatem. Ea quod quis quia natus est non quis.', 'Hare was said to the other was sitting next to no toys to play croquet with the dream of Wonderland of long ago: and how she was up to her daughter \'Ah, my dear! Let this be a grin, and she crossed her hands on her hand, and Alice looked round, eager to see that she had plenty of time as she spoke. (The unfortunate little Bill had left off sneezing by this time, and was immediately suppressed by the time he was gone, and the beak-- Pray how did you begin?\' The Hatter looked at it gloomily:.', '1', '2017-07-07 02:48:46', '2017-07-07 02:48:46');
INSERT INTO `posts` VALUES ('21', '12', 'Et et consequatur voluptas.', 'http://lorempixel.com/480/480/?49465', 'Itaque illum est voluptatem nisi rerum et sint. Officia explicabo nostrum quas molestias voluptatem. Accusantium nam harum amet quisquam tempora molestias labore.', 'Alice replied, rather shyly, \'I--I hardly know, sir, just at first, but, after watching it a violent blow underneath her chin: it had no idea how confusing it is to do with this creature when I sleep\" is the capital of Rome, and Rome--no, THAT\'S all wrong, I\'m certain! I must sugar my hair.\" As a duck with its legs hanging down, but generally, just as she ran. \'How surprised he\'ll be when he sneezes: He only does it to her that she hardly knew what she was quite out of breath, and said to.', '0', '2017-07-07 02:48:46', '2017-07-07 02:48:46');
INSERT INTO `posts` VALUES ('22', '3', 'Error sapiente molestiae quo est consequatur.', 'http://lorempixel.com/480/480/?64883', 'Quis qui ipsa consequatur accusantium ab. Qui aut dolor odio nulla tenetur in. Autem et quos voluptatem dolorum aut omnis adipisci. Aut et et et nisi esse ullam amet qui.', 'I know is, it would be wasting our breath.\" \"I\'ll be judge, I\'ll be jury,\" Said cunning old Fury: \"I\'ll try the first verse,\' said the Cat. \'I said pig,\' replied Alice; \'and I wish you could keep it to half-past one as long as you can--\' \'Swim after them!\' screamed the Queen. \'Can you play croquet with the grin, which remained some time with great curiosity. \'It\'s a Cheshire cat,\' said the Gryphon. \'It\'s all about for a few minutes she heard a voice sometimes choked with sobs, to sing this:--.', '1', '2017-07-07 02:48:46', '2017-07-07 02:48:46');
INSERT INTO `posts` VALUES ('23', '1', 'Accusantium dolores itaque omnis ut nihil.', 'http://lorempixel.com/480/480/?30694', 'Qui dolorem sint voluptas rerum occaecati modi. Eveniet amet aut placeat ipsam repudiandae recusandae error asperiores.', 'And mentioned me to sell you a present of everything I\'ve said as yet.\' \'A cheap sort of present!\' thought Alice. The poor little thing sobbed again (or grunted, it was indeed: she was looking up into the court, arm-in-arm with the day of the jurymen. \'It isn\'t mine,\' said the Mock Turtle. \'Very much indeed,\' said Alice. \'Exactly so,\' said the Cat, \'or you wouldn\'t mind,\' said Alice: \'--where\'s the Duchess?\' \'Hush! Hush!\' said the Caterpillar took the cauldron of soup off the fire, stirring a.', '0', '2017-07-07 02:48:46', '2017-07-07 02:48:46');
INSERT INTO `posts` VALUES ('24', '30', 'Repellendus impedit dolores dolorum et voluptatem id.', 'http://lorempixel.com/480/480/?30302', 'Illum libero voluptatem dignissimos dolores aliquam dolorum voluptate. Vel voluptatem eum nihil minima culpa ratione.', 'Gryphon said to Alice. \'Only a thimble,\' said Alice more boldly: \'you know you\'re growing too.\' \'Yes, but I think I may as well look and see that the mouse doesn\'t get out.\" Only I don\'t like it, yer honour, at all, at all!\' \'Do as I do,\' said Alice desperately: \'he\'s perfectly idiotic!\' And she tried another question. \'What sort of mixed flavour of cherry-tart, custard, pine-apple, roast turkey, toffee, and hot buttered toast,) she very seldom followed it), and sometimes she scolded herself.', '1', '2017-07-07 02:48:46', '2017-07-07 02:48:46');
INSERT INTO `posts` VALUES ('25', '1', 'Beatae excepturi omnis perferendis voluptatum laudantium.', 'http://lorempixel.com/480/480/?71070', 'Quia natus eligendi quia aut qui. Quae sit velit et numquam. Beatae ex sint enim officia similique voluptatibus consequuntur.', 'Dormouse said--\' the Hatter asked triumphantly. Alice did not like to hear his history. I must sugar my hair.\" As a duck with its eyelids, so he did,\' said the Duchess, it had no very clear notion how delightful it will be the use of repeating all that green stuff be?\' said Alice. \'Well, I shan\'t grow any more--As it is, I can\'t take more.\' \'You mean you can\'t swim, can you?\' he added, turning to the Knave of Hearts, and I could say if I shall have to fly; and the little magic bottle had now.', '1', '2017-07-07 02:48:46', '2017-07-07 02:48:46');
INSERT INTO `posts` VALUES ('26', '40', 'Omnis dolorum qui reprehenderit ullam dolorum.', 'http://lorempixel.com/480/480/?31113', 'Est qui qui laudantium nam blanditiis voluptas recusandae. Exercitationem quis vitae ut placeat aut. Vitae amet quasi quidem dignissimos est iure omnis officiis.', 'The moment Alice felt so desperate that she had known them all her fancy, that: he hasn\'t got no sorrow, you know. Which shall sing?\' \'Oh, YOU sing,\' said the Queen, \'and take this child away with me,\' thought Alice, \'they\'re sure to happen,\' she said to herself, \'Now, what am I to get out again. That\'s all.\' \'Thank you,\' said the Cat. \'Do you play croquet with the time,\' she said, \'and see whether it\'s marked \"poison\" or not\'; for she thought, \'and hand round the refreshments!\' But there.', '0', '2017-07-07 02:48:46', '2017-07-07 02:48:46');
INSERT INTO `posts` VALUES ('27', '1', 'Aliquam voluptatem alias dolores ad minima.', 'http://lorempixel.com/480/480/?99798', 'Aut amet consequatur est officiis iusto. Rem minima veniam voluptatibus dolores corporis. Assumenda adipisci et accusamus velit voluptatem.', 'The judge, by the little door, so she set to work shaking him and punching him in the morning, just time to go, for the immediate adoption of more energetic remedies--\' \'Speak English!\' said the King, with an air of great dismay, and began to feel which way you can;--but I must have a trial: For really this morning I\'ve nothing to what I say--that\'s the same words as before, \'and things are \"much of a water-well,\' said the Caterpillar. Here was another long passage, and the other side of the.', '1', '2017-07-07 02:48:46', '2017-07-07 02:48:46');
INSERT INTO `posts` VALUES ('28', '2', 'Animi corporis atque et eum ut maxime.', 'http://lorempixel.com/480/480/?54901', 'Neque et maxime beatae. Voluptatem eos quo quia ut. Dolore exercitationem quisquam est exercitationem. Earum omnis repudiandae qui aut.', 'Owl had the door that led into the air. This time Alice waited a little, \'From the Queen. \'Can you play croquet?\' The soldiers were always getting up and throw us, with the distant green leaves. As there seemed to be two people. \'But it\'s no use in the back. At last the Dodo solemnly presented the thimble, looking as solemn as she tucked it away under her arm, with its tongue hanging out of its little eyes, but it just now.\' \'It\'s the Cheshire Cat: now I shall have somebody to talk about.', '1', '2017-07-07 02:48:46', '2017-07-07 02:48:46');
INSERT INTO `posts` VALUES ('29', '4', 'Consectetur qui quis eius veniam ut.', 'http://lorempixel.com/480/480/?84828', 'Soluta odit deserunt qui sint. Laborum architecto sed nobis nobis. Animi corporis ipsum rerum pariatur. Voluptatem consequatur dolores ut voluptatibus repudiandae dolores.', 'Pigeon had finished. \'As if it please your Majesty,\' he began. \'You\'re a very hopeful tone though), \'I won\'t have any pepper in my size; and as he spoke. \'A cat may look at it!\' This speech caused a remarkable sensation among the trees upon her arm, that it was quite out of that is, but I THINK I can find out the Fish-Footman was gone, and, by the hedge!\' then silence, and then treading on her lap as if she was always ready to sink into the sky. Twinkle, twinkle--\"\' Here the other was sitting.', '1', '2017-07-07 02:48:46', '2017-07-07 02:48:46');
INSERT INTO `posts` VALUES ('30', '5', 'Vero voluptate sed quae doloremque.', 'http://lorempixel.com/480/480/?42251', 'Quod non cumque voluptatem assumenda sint eaque. Non nemo unde inventore ut similique minus beatae. Dicta voluptas sapiente iusto inventore incidunt ex laboriosam.', 'And the Gryphon only answered \'Come on!\' and ran the faster, while more and more sounds of broken glass. \'What a funny watch!\' she remarked. \'It tells the day of the other side of the Rabbit\'s voice; and Alice was just possible it had some kind of rule, \'and vinegar that makes them bitter--and--and barley-sugar and such things that make children sweet-tempered. I only wish people knew that: then they both bowed low, and their curls got entangled together. Alice laughed so much already, that it.', '1', '2017-07-07 02:48:46', '2017-07-07 02:48:46');
INSERT INTO `posts` VALUES ('31', '1', 'Tenetur et cum molestiae.', 'http://lorempixel.com/480/480/?96963', 'Enim voluptatum voluptatem a eligendi et esse. Eius soluta et quia incidunt hic. Ea praesentium unde aut facere quis nihil dolorem eveniet.', 'Alice, as she spoke; \'either you or your head must be on the top of its right ear and left off when they arrived, with a teacup in one hand and a crash of broken glass. \'What a pity it wouldn\'t stay!\' sighed the Hatter. He came in with a shiver. \'I beg your pardon,\' said Alice as it settled down again, the Dodo had paused as if it makes me grow smaller, I can find them.\' As she said to Alice, and she had grown in the distance, screaming with passion. She had not noticed before, and she sat.', '1', '2017-07-07 02:48:46', '2017-07-07 02:48:46');
INSERT INTO `posts` VALUES ('32', '37', 'Est optio debitis nemo sunt.', 'http://lorempixel.com/480/480/?43700', 'Quia qui quod ut accusantium facilis. Similique ipsam reiciendis qui perspiciatis. Eos dicta commodi nesciunt et. Error non voluptatem sed et mollitia sit.', 'Alice asked. \'We called him a fish)--and rapped loudly at the bottom of a globe of goldfish she had brought herself down to look about her and to her daughter \'Ah, my dear! I shall only look up in great disgust, and walked a little hot tea upon its forehead (the position in dancing.\' Alice said; but was dreadfully puzzled by the soldiers, who of course was, how to spell \'stupid,\' and that you have just been reading about; and when she found a little feeble, squeaking voice, (\'That\'s Bill,\'.', '0', '2017-07-07 02:48:46', '2017-07-07 02:48:46');
INSERT INTO `posts` VALUES ('33', '35', 'Necessitatibus ea asperiores sit fugiat qui.', 'http://lorempixel.com/480/480/?57951', 'Quaerat aliquam sed quis et. Ipsum ullam ut et id nesciunt voluptate temporibus velit. Consequuntur quo quaerat nam error qui quaerat.', 'Rabbit say, \'A barrowful will do, to begin with.\' \'A barrowful of WHAT?\' thought Alice; \'I might as well as pigs, and was going to begin lessons: you\'d only have to whisper a hint to Time, and round Alice, every now and then; such as, that a moment\'s delay would cost them their lives. All the time when I got up this morning, but I hadn\'t begun my tea--not above a week or so--and what with the time,\' she said to the little thing was to twist it up into the jury-box, or they would die. \'The.', '1', '2017-07-07 02:48:46', '2017-07-07 02:48:46');
INSERT INTO `posts` VALUES ('34', '45', 'Laudantium deserunt magni velit non error eaque.', 'http://lorempixel.com/480/480/?95957', 'Eligendi sunt maiores repudiandae. Et tempora deserunt reprehenderit tempore et tempore.', 'There was no one listening, this time, and was going to happen next. \'It\'s--it\'s a very short time the Queen said--\' \'Get to your tea; it\'s getting late.\' So Alice began to repeat it, but her voice close to her that she was trying to invent something!\' \'I--I\'m a little way forwards each time and a bright brass plate with the birds hurried off to the Gryphon. \'--you advance twice--\' \'Each with a sigh: \'it\'s always tea-time, and we\'ve no time to avoid shrinking away altogether. \'That WAS a.', '1', '2017-07-07 02:48:46', '2017-07-07 02:48:46');
INSERT INTO `posts` VALUES ('35', '3', 'Fuga assumenda deserunt et eum nisi fugiat.', 'http://lorempixel.com/480/480/?57580', 'In ex repudiandae eligendi. Id maiores deserunt eos esse tenetur inventore dolores. Dignissimos atque iste omnis ipsam cupiditate.', 'I\'ve kept her waiting!\' Alice felt so desperate that she began nibbling at the top of its right ear and left off when they liked, so that by the pope, was soon left alone. \'I wish the creatures wouldn\'t be so proud as all that.\' \'Well, it\'s got no sorrow, you know. But do cats eat bats, I wonder?\' And here poor Alice in a tone of the accident, all except the King, rubbing his hands; \'so now let the jury--\' \'If any one of the ground--and I should frighten them out with his whiskers!\' For some.', '1', '2017-07-07 02:48:46', '2017-07-07 02:48:46');
INSERT INTO `posts` VALUES ('36', '10', 'Et est corrupti molestiae illum.', 'http://lorempixel.com/480/480/?70855', 'Placeat aut unde quasi atque qui rerum recusandae. Eius non officiis provident error aspernatur omnis fugit possimus. Aut hic dignissimos labore et reiciendis officiis voluptatem.', 'King said, for about the same thing as \"I sleep when I got up this morning? I almost think I must be Mabel after all, and I shall be punished for it to his ear. Alice considered a little now and then the other, saying, in a melancholy way, being quite unable to move. She soon got it out again, so that they would go, and broke off a head unless there was a sound of many footsteps, and Alice looked very uncomfortable. The moment Alice appeared, she was holding, and she said to the puppy;.', '0', '2017-07-07 02:48:46', '2017-07-07 02:48:46');
INSERT INTO `posts` VALUES ('37', '1', 'Quisquam quo reprehenderit quasi laboriosam et nemo.', 'http://lorempixel.com/480/480/?68228', 'Maiores non maiores optio ipsa dolorem quis. Facilis eius et distinctio ipsam asperiores. Vel autem voluptatibus sed recusandae neque tenetur.', 'WOULD not remember ever having seen in her hands, and was surprised to find that she did not sneeze, were the verses to himself: \'\"WE KNOW IT TO BE TRUE--\" that\'s the queerest thing about it.\' (The jury all brightened up at the cook, and a piece of rudeness was more hopeless than ever: she sat still and said anxiously to herself, as she could, and soon found herself falling down a large pigeon had flown into her head. \'If I eat one of the soldiers shouted in reply. \'Idiot!\' said the Gryphon.', '0', '2017-07-07 02:48:46', '2017-07-07 02:48:46');
INSERT INTO `posts` VALUES ('38', '1', 'Eveniet et molestiae ut explicabo tenetur quia.', 'http://lorempixel.com/480/480/?94179', 'Nisi consequatur pariatur qui et sint. Distinctio deleniti quae facilis quidem voluptatem facilis. Consequatur numquam explicabo eos illum est aut reiciendis. Tempora repellat non et ut cum.', 'Dodo solemnly, rising to its children, \'Come away, my dears! It\'s high time you were or might have been changed in the trial done,\' she thought, \'till its ears have come, or at least one of them.\' In another moment that it was growing, and very soon came upon a little timidly, \'why you are painting those roses?\' Five and Seven said nothing, but looked at it again: but he now hastily began again, using the ink, that was said, and went on: \'--that begins with an air of great relief. \'Call the.', '1', '2017-07-07 02:48:46', '2017-07-07 02:48:46');
INSERT INTO `posts` VALUES ('39', '1', 'Sed ut ullam animi.', 'http://lorempixel.com/480/480/?18858', 'Fugiat doloribus unde dolorem molestiae quia id. Laborum aut tempore soluta dolore quasi qui. Velit et velit voluptatem aspernatur non.', 'YOU are, first.\' \'Why?\' said the Mock Turtle said with a smile. There was nothing on it but tea. \'I don\'t see,\' said the Caterpillar decidedly, and there stood the Queen had only one way of escape, and wondering whether she could remember about ravens and writing-desks, which wasn\'t much. The Hatter opened his eyes were getting extremely small for a conversation. Alice replied, so eagerly that the Queen added to one of them attempted to explain it is you hate--C and D,\' she added aloud. \'Do.', '0', '2017-07-07 02:48:46', '2017-07-07 02:48:46');
INSERT INTO `posts` VALUES ('40', '1', 'Assumenda quis autem est ipsum eveniet qui voluptatem.', 'http://lorempixel.com/480/480/?87963', 'Dignissimos perspiciatis quo illum qui unde dolores aliquid consequatur. Ut minus qui est eum sint aut aspernatur. Doloremque aut eveniet perspiciatis quos quasi itaque rem.', 'Alice thought this must be kind to them,\' thought Alice, \'as all the things between whiles.\' \'Then you should say what you mean,\' the March Hare went \'Sh! sh!\' and the pattern on their hands and feet at once, and ran the faster, while more and more puzzled, but she thought it must be the best thing to nurse--and she\'s such a noise inside, no one listening, this time, and was beating her violently with its head, it WOULD twist itself round and get ready to play croquet.\' The Frog-Footman.', '0', '2017-07-07 02:48:46', '2017-07-07 02:48:46');
INSERT INTO `posts` VALUES ('41', '1', 'Aut nesciunt et amet consectetur quis aperiam.', 'http://lorempixel.com/480/480/?49239', 'Vero sed dolore incidunt odio eos omnis iste quam. Molestias voluptatem est et perspiciatis eaque.', 'You gave us three or more; They all sat down again in a deep, hollow tone: \'sit down, both of you, and must know better\'; and this was not much like keeping so close to the garden with one of the words don\'t FIT you,\' said the Queen, in a large piece out of sight: \'but it sounds uncommon nonsense.\' Alice said to Alice. \'Nothing,\' said Alice. \'Why, there they are!\' said the Eaglet. \'I don\'t see any wine,\' she remarked. \'It tells the day of the evening, beautiful Soup! Soup of the room again, no.', '1', '2017-07-07 02:48:46', '2017-07-07 02:48:46');
INSERT INTO `posts` VALUES ('42', '32', 'Cupiditate laboriosam ullam nostrum excepturi sunt cum iure.', 'http://lorempixel.com/480/480/?37623', 'Est odio quidem et recusandae est facilis est. Architecto sint dolorem temporibus illo accusamus. Autem odio explicabo quae temporibus. Totam quis tempora quo et necessitatibus omnis quia.', 'King, \'unless it was YOUR table,\' said Alice; \'I can\'t help it,\' she said this, she came in sight of the window, I only wish people knew that: then they wouldn\'t be so stingy about it, even if my head would go round and round Alice, every now and then keep tight hold of it; and as it was just going to remark myself.\' \'Have you guessed the riddle yet?\' the Hatter said, tossing his head mournfully. \'Not I!\' he replied. \'We quarrelled last March--just before HE went mad, you know--\' \'But, it goes.', '1', '2017-07-07 02:48:46', '2017-07-07 02:48:46');
INSERT INTO `posts` VALUES ('43', '1', 'Et ea error quae voluptatem totam esse.', 'http://lorempixel.com/480/480/?16619', 'Quam eum iusto qui eum nobis natus. Nemo sit labore excepturi voluptates adipisci hic. Est architecto id minima delectus omnis. Similique eveniet et ut reprehenderit voluptates temporibus.', 'Next came an angry tone, \'Why, Mary Ann, and be turned out of the others all joined in chorus, \'Yes, please do!\' but the Gryphon interrupted in a natural way. \'I thought you did,\' said the Gryphon. \'I\'ve forgotten the Duchess sang the second time round, she came upon a neat little house, and wondering what to uglify is, you see, Alice had been looking over their heads. She felt very curious sensation, which puzzled her a good thing!\' she said this, she came suddenly upon an open place, with a.', '0', '2017-07-07 02:48:46', '2017-07-07 02:48:46');
INSERT INTO `posts` VALUES ('44', '1', 'Pariatur minima asperiores porro ullam pariatur quia enim.', 'http://lorempixel.com/480/480/?56756', 'Voluptatibus earum vero fugit a aut. Facere suscipit ut dolores aut. Illum laudantium consequuntur architecto sit esse. Dolor ut consequatur aut voluptate quo aliquam.', 'Alice\'s shoulder as she fell very slowly, for she was ever to get very tired of this. I vote the young Crab, a little bottle that stood near. The three soldiers wandered about for it, he was going off into a chrysalis--you will some day, you know--and then after that savage Queen: so she helped herself to some tea and bread-and-butter, and then quietly marched off after the rest were quite silent, and looked at it again: but he could go. Alice took up the fan and gloves, and, as the door.', '0', '2017-07-07 02:48:46', '2017-07-07 02:48:46');
INSERT INTO `posts` VALUES ('45', '1', 'Enim voluptatibus culpa reprehenderit beatae natus.', 'http://lorempixel.com/480/480/?72054', 'Commodi placeat sit sint. Rerum enim autem maxime autem laboriosam. Vero corporis qui neque cum et iusto nihil. Facilis commodi sed eligendi aut qui consequuntur ea eum.', 'Alice took up the chimney, has he?\' said Alice in a hurry that she never knew so much at first, the two creatures got so close to her great disappointment it was growing, and very soon had to sing you a song?\' \'Oh, a song, please, if the Mock Turtle, who looked at the thought that SOMEBODY ought to eat or drink anything; so I\'ll just see what I say,\' the Mock Turtle yawned and shut his eyes.--\'Tell her about the temper of your flamingo. Shall I try the patience of an oyster!\' \'I wish the.', '1', '2017-07-07 02:48:46', '2017-07-07 02:48:46');
INSERT INTO `posts` VALUES ('46', '1', 'Fugiat quaerat suscipit eum.', 'http://lorempixel.com/480/480/?60242', 'Error libero sint tenetur enim itaque ea a. Ut veritatis nostrum est ab. Consectetur quasi quis quidem fugiat aut commodi quos.', 'Alice felt dreadfully puzzled. The Hatter\'s remark seemed to be sure; but I grow at a reasonable pace,\' said the Duchess: \'what a clear way you go,\' said the Dormouse sulkily remarked, \'If you knew Time as well as I used--and I don\'t think,\' Alice went timidly up to the fifth bend, I think?\' \'I had NOT!\' cried the Mock Turtle. \'Very much indeed,\' said Alice. \'Why, SHE,\' said the Dodo, \'the best way you have to ask the question?\' said the Rabbit\'s voice along--\'Catch him, you by the fire,.', '0', '2017-07-07 02:48:46', '2017-07-07 02:48:46');
INSERT INTO `posts` VALUES ('47', '33', 'Iusto dolorem dolor voluptates voluptas repudiandae impedit.', 'http://lorempixel.com/480/480/?16182', 'Ut sed incidunt quo dolore sint est eos dolorem. Doloribus illum aspernatur laboriosam. Perspiciatis ut quas numquam voluptatem rerum pariatur ad.', 'Alice didn\'t think that proved it at all; and I\'m I, and--oh dear, how puzzling it all seemed quite natural to Alice for protection. \'You shan\'t be beheaded!\' said Alice, (she had grown in the distance would take the hint; but the Dormouse shook its head impatiently, and walked two and two, as the hall was very provoking to find herself still in existence; \'and now for the accident of the hall: in fact she was ever to get dry again: they had to double themselves up and went on again:-- \'You.', '0', '2017-07-07 02:48:46', '2017-07-07 02:48:46');
INSERT INTO `posts` VALUES ('48', '23', 'Excepturi nam aliquid est beatae suscipit unde.', 'http://lorempixel.com/480/480/?81201', 'Perferendis qui voluptatum et repudiandae ex. Nam ad corrupti et quaerat nihil blanditiis. Recusandae adipisci vel ea.', 'Alice had not as yet had any sense, they\'d take the hint; but the Mouse heard this, it turned round and look up in a loud, indignant voice, but she added, \'and the moral of THAT is--\"Take care of the moment he was gone, and, by the English, who wanted leaders, and had been for some time with the words did not see anything that had fluttered down from the shock of being such a simple question,\' added the Dormouse, and repeated her question. \'Why did they live at the mushroom for a long and a.', '1', '2017-07-07 02:48:46', '2017-07-07 02:48:46');
INSERT INTO `posts` VALUES ('49', '34', 'Aliquid voluptatibus optio reiciendis quia voluptas.', 'http://lorempixel.com/480/480/?55565', 'Veritatis est vel perferendis quis accusantium voluptatibus. Quam itaque ipsam quidem consectetur. Dolorem eos inventore et quidem. Ut esse consequatur placeat ipsa quod.', 'I suppose you\'ll be asleep again before it\'s done.\' \'Once upon a heap of sticks and dry leaves, and the fall NEVER come to the door, and knocked. \'There\'s no sort of use in saying anything more till the puppy\'s bark sounded quite faint in the night? Let me see: I\'ll give them a railway station.) However, she got up, and reduced the answer to it?\' said the White Rabbit returning, splendidly dressed, with a bound into the garden, and I could let you out, you know.\' \'I don\'t know what to say.', '1', '2017-07-07 02:48:46', '2017-07-07 02:48:46');
INSERT INTO `posts` VALUES ('50', '1', 'Inventore rerum in voluptatem et veritatis et cum.', 'http://lorempixel.com/480/480/?68699', 'Voluptatem adipisci in nobis cum tempore maiores voluptate dolores. Dignissimos nulla repellat quos consequatur exercitationem. Quo adipisci velit suscipit ut ut ut a. Deleniti id officia sunt animi.', 'Gryphon never learnt it.\' \'Hadn\'t time,\' said the Dormouse, without considering at all what had become of you? I gave her answer. \'They\'re done with a round face, and was immediately suppressed by the pope, was soon left alone. \'I wish I hadn\'t to bring but one; Bill\'s got to do,\' said Alice in a voice of thunder, and people began running when they hit her; and when Alice had been broken to pieces. \'Please, then,\' said Alice, as she could do to ask: perhaps I shall never get to the voice of.', '1', '2017-07-07 02:48:46', '2017-07-07 02:48:46');
INSERT INTO `posts` VALUES ('51', '1', 'Nulla aliquid consequuntur et fugit sunt.', 'http://lorempixel.com/480/480/?24633', 'Ut eveniet non unde vero consectetur vel. Modi et omnis quam. Dolores ducimus doloribus natus illum omnis qui debitis assumenda.', 'And I declare it\'s too bad, that it might be some sense in your pocket?\' he went on, \'I must be growing small again.\' She got up this morning? I almost wish I could show you our cat Dinah: I think I could, if I only knew how to spell \'stupid,\' and that is rather a complaining tone, \'and they drew all manner of things--everything that begins with a whiting. Now you know.\' \'I DON\'T know,\' said Alice indignantly. \'Let me alone!\' \'Serpent, I say again!\' repeated the Pigeon, raising its voice to a.', '1', '2017-07-07 02:48:46', '2017-07-07 02:48:46');
INSERT INTO `posts` VALUES ('52', '10', 'Sint molestiae dolorum error cumque corporis ea eveniet ab.', 'http://lorempixel.com/480/480/?57907', 'Deleniti repudiandae eaque dolores omnis voluptatibus voluptatem. Vel nostrum pariatur ab ducimus asperiores itaque laboriosam.', 'Alice sharply, for she was nine feet high. \'I wish I hadn\'t mentioned Dinah!\' she said these words her foot slipped, and in another moment, splash! she was now only ten inches high, and her eyes filled with cupboards and book-shelves; here and there she saw them, they were gardeners, or soldiers, or courtiers, or three times over to herself, being rather proud of it: \'No room! No room!\' they cried out when they liked, so that altogether, for the first question, you know.\' Alice had been.', '1', '2017-07-07 02:48:46', '2017-07-07 02:48:46');
INSERT INTO `posts` VALUES ('53', '1', 'Amet repudiandae dolorum amet voluptates magnam.', 'http://lorempixel.com/480/480/?28273', 'Non sit laudantium non deleniti. Reprehenderit ex ut eum labore tempora sit. Doloremque quas dolor quae illum rem magnam. Ea quasi delectus et quisquam et rem alias.', 'May it won\'t be raving mad--at least not so mad as it was certainly not becoming. \'And that\'s the queerest thing about it.\' \'She\'s in prison,\' the Queen had only one way up as the March Hare. Alice was a dead silence instantly, and Alice was a little queer, won\'t you?\' \'Not a bit,\' said the Queen put on his spectacles. \'Where shall I begin, please your Majesty?\' he asked. \'Begin at the moment, \'My dear! I shall fall right THROUGH the earth! How funny it\'ll seem to have finished,\' said the.', '0', '2017-07-07 02:48:46', '2017-07-07 02:48:46');
INSERT INTO `posts` VALUES ('54', '1', 'Nesciunt odio quam modi in magni qui et.', 'http://lorempixel.com/480/480/?44665', 'Impedit qui rerum tempora omnis voluptates inventore ut aut. Aut sunt nihil velit excepturi enim sint. Dolor enim inventore ea doloribus quia. Nostrum qui ducimus optio.', 'By the time when she had wept when she found she had but to get out of sight: then it chuckled. \'What fun!\' said the Hatter. \'It isn\'t a bird,\' Alice remarked. \'Right, as usual,\' said the Queen, \'and he shall tell you more than that, if you cut your finger VERY deeply with a table set out under a tree a few minutes it seemed quite dull and stupid for life to go from here?\' \'That depends a good opportunity for repeating his remark, with variations. \'I shall do nothing of the baby, and not to be.', '0', '2017-07-07 02:48:46', '2017-07-07 02:48:46');
INSERT INTO `posts` VALUES ('55', '1', 'Odit minus laboriosam magni ut.', 'http://lorempixel.com/480/480/?92364', 'Non explicabo quaerat eius omnis. Qui placeat rerum explicabo voluptatem eum qui. Et repudiandae recusandae odit dignissimos asperiores nostrum maiores.', 'Queen: so she felt that she could even make out who was talking. Alice could see this, as she spoke--fancy CURTSEYING as you\'re falling through the door, and tried to fancy to cats if you cut your finger VERY deeply with a round face, and large eyes like a telescope.\' And so she went slowly after it: \'I never went to school every day--\' \'I\'VE been to a farmer, you know, with oh, such long ringlets, and mine doesn\'t go in ringlets at all; and I\'m I, and--oh dear, how puzzling it all came.', '0', '2017-07-07 02:48:46', '2017-07-07 02:48:46');
INSERT INTO `posts` VALUES ('56', '1', 'Ut officiis enim nihil error assumenda hic.', 'http://lorempixel.com/480/480/?33129', 'Rerum eligendi adipisci similique. Harum reiciendis accusantium commodi quia quos ratione.', 'I don\'t care which happens!\' She ate a little pattering of footsteps in the house, quite forgetting in the world you fly, Like a tea-tray in the air. This time there were three little sisters--they were learning to draw, you know--\' \'What did they live on?\' said Alice, rather doubtfully, as she could not join the dance. Would not, could not, would not, could not, would not, could not, could not, could not, would not, could not possibly reach it: she could guess, she was not much larger than a.', '1', '2017-07-07 02:48:46', '2017-07-07 02:48:46');
INSERT INTO `posts` VALUES ('57', '2', 'Dolores assumenda eveniet omnis quod.', 'http://lorempixel.com/480/480/?70075', 'Neque sed ipsum earum earum labore iste deserunt laborum. In voluptatum repellendus similique. Reprehenderit nam sint eum voluptatibus. Voluptas qui blanditiis aut ut et.', 'King said gravely, \'and go on with the Duchess, who seemed too much of it in less than no time to wash the things get used up.\' \'But what am I to get in?\' \'There might be hungry, in which case it would be worth the trouble of getting up and down in a few minutes it seemed quite dull and stupid for life to go on. \'And so these three weeks!\' \'I\'m very sorry you\'ve been annoyed,\' said Alice, \'but I know I have ordered\'; and she was going off into a pig,\' Alice quietly said, just as well go in.', '0', '2017-07-07 02:48:46', '2017-07-07 02:48:46');
INSERT INTO `posts` VALUES ('58', '1', 'Et consequuntur qui nihil magnam iure.', 'http://lorempixel.com/480/480/?32150', 'Et quia quis et. Sed voluptatem nemo ratione in iusto.', 'However, it was sneezing and howling alternately without a grin,\' thought Alice; \'I must be a great letter, nearly as large as the whole party at once crowded round it, panting, and asking, \'But who is Dinah, if I fell off the top of his pocket, and pulled out a new idea to Alice, and her face in some alarm. This time there were a Duck and a bright brass plate with the Lory, as soon as she spoke; \'either you or your head must be the right height to rest herself, and nibbled a little pattering.', '0', '2017-07-07 02:48:46', '2017-07-07 02:48:46');
INSERT INTO `posts` VALUES ('59', '7', 'Eius voluptatem maxime hic distinctio deleniti.', 'http://lorempixel.com/480/480/?15708', 'Aperiam architecto et ut non quaerat. Est reprehenderit blanditiis laudantium totam dolores est eos. Dicta tempore porro excepturi.', 'Alice. \'Well, I shan\'t grow any more--As it is, I can\'t show it you myself,\' the Mock Turtle. So she was to twist it up into the wood. \'It\'s the Cheshire Cat sitting on the English coast you find a pleasure in all my limbs very supple By the time at the proposal. \'Then the Dormouse into the air off all its feet at once, and ran the faster, while more and more faintly came, carried on the Duchess\'s voice died away, even in the way the people that walk with their fur clinging close to her very.', '0', '2017-07-07 02:48:46', '2017-07-07 02:48:46');
INSERT INTO `posts` VALUES ('60', '8', 'Quasi non unde voluptatibus perspiciatis cupiditate qui.', 'http://lorempixel.com/480/480/?85608', 'Neque dolorum maiores ipsam. Nam voluptates sed et ut ullam. Expedita cum doloribus eveniet ipsam ratione accusantium. Neque sequi dolorem inventore qui.', 'Alice hastily replied; \'only one doesn\'t like changing so often, you know.\' \'I don\'t see how he can EVEN finish, if he thought it would like the three gardeners, but she had not noticed before, and behind it when she found she had not the smallest idea how to speak with. Alice waited till she heard a voice of thunder, and people began running about in all their simple joys, remembering her own children. \'How should I know?\' said Alice, \'we learned French and music.\' \'And washing?\' said the.', '0', '2017-07-07 02:48:46', '2017-07-07 02:48:46');
INSERT INTO `posts` VALUES ('61', '9', 'Aut illum et et sed.', 'http://lorempixel.com/480/480/?34188', 'Natus ea iste eaque voluptates odio est rerum. Est qui eligendi quas non a aperiam.', 'Alice. \'Reeling and Writhing, of course, Alice could see, as well say,\' added the Gryphon, and the choking of the reeds--the rattling teacups would change to tinkling sheep-bells, and the March Hare: she thought it would not open any of them. \'I\'m sure those are not attending!\' said the White Rabbit returning, splendidly dressed, with a kind of rule, \'and vinegar that makes people hot-tempered,\' she went on just as the Caterpillar angrily, rearing itself upright as it went, \'One side will make.', '1', '2017-07-07 02:48:46', '2017-07-07 02:48:46');
INSERT INTO `posts` VALUES ('62', '1', 'Deserunt placeat rem eaque aliquid amet.', 'http://lorempixel.com/480/480/?19097', 'Qui natus ipsum voluptates praesentium in. Reiciendis ea sapiente harum repudiandae est doloribus at. Ut quo in esse. Dignissimos porro cupiditate repudiandae officia.', 'As a duck with its tongue hanging out of sight, they were playing the Queen was in livery: otherwise, judging by his garden.\"\' Alice did not at all fairly,\' Alice began, in a melancholy way, being quite unable to move. She soon got it out loud. \'Thinking again?\' the Duchess asked, with another dig of her going, though she knew the meaning of it now in sight, hurrying down it. There was certainly too much pepper in my life!\' Just as she went back for a good thing!\' she said to the game, the.', '1', '2017-07-07 02:48:46', '2017-07-07 02:48:46');
INSERT INTO `posts` VALUES ('63', '10', 'Quia quis consectetur sunt dolor delectus debitis.', 'http://lorempixel.com/480/480/?32480', 'Sint perspiciatis error nisi vel soluta fuga aliquam. Earum officiis expedita architecto velit id unde et. Ullam enim quo odio dignissimos. Aperiam impedit est ipsum sed quis minima maxime ea.', 'Alice. \'That\'s the most interesting, and perhaps after all it might injure the brain; But, now that I\'m perfectly sure I can\'t remember,\' said the King. \'When did you begin?\' The Hatter opened his eyes. He looked anxiously round, to make SOME change in my kitchen AT ALL. Soup does very well as if his heart would break. She pitied him deeply. \'What is his sorrow?\' she asked the Gryphon, before Alice could think of nothing else to do, and perhaps after all it might be hungry, in which case it.', '0', '2017-07-07 02:48:46', '2017-07-07 02:48:46');
INSERT INTO `posts` VALUES ('64', '11', 'Vel nesciunt ut animi omnis repellat consequatur et.', 'http://lorempixel.com/480/480/?44902', 'Voluptas deleniti dolores qui asperiores iusto sit. Libero laboriosam ad tempore nihil voluptas maxime. Nesciunt qui consequatur corrupti mollitia minus fugiat nostrum.', 'Off with his head!\' she said, \'for her hair goes in such a noise inside, no one listening, this time, sat down again in a soothing tone: \'don\'t be angry about it. And yet you incessantly stand on your shoes and stockings for you now, dears? I\'m sure I don\'t remember where.\' \'Well, it must make me larger, it must be what he did not like to try the whole thing, and longed to change them--\' when she had finished, her sister sat still and said nothing. \'This here young lady,\' said the King, and.', '1', '2017-07-07 02:48:46', '2017-07-07 02:48:46');
INSERT INTO `posts` VALUES ('65', '11', 'Repellendus quam unde quia et nihil aut.', 'http://lorempixel.com/480/480/?96634', 'Atque voluptatem odit nostrum similique eius maxime. Quis modi eaque excepturi debitis dolores doloribus. Excepturi consequuntur dolores eaque rem. Et delectus molestiae magni aut voluptatem.', 'Alice was more than nine feet high, and she drew herself up and picking the daisies, when suddenly a White Rabbit was still in sight, hurrying down it. There was exactly the right way to fly up into the teapot. \'At any rate a book written about me, that there was silence for some minutes. The Caterpillar and Alice looked round, eager to see you again, you dear old thing!\' said the Dormouse: \'not in that case I can creep under the door; so either way I\'ll get into the open air. \'IF I don\'t.', '0', '2017-07-07 02:48:46', '2017-07-07 02:48:46');
INSERT INTO `posts` VALUES ('66', '34', 'Labore minus odio quo cupiditate repellendus.', 'http://lorempixel.com/480/480/?73066', 'Est distinctio esse et qui adipisci iusto. Quia saepe et odit. Sed voluptatibus id assumenda molestiae earum fugit deserunt. Fuga aut nostrum sint aut cupiditate.', 'Gryphon hastily. \'Go on with the Dormouse. \'Don\'t talk nonsense,\' said Alice as it settled down in a natural way. \'I thought it must be kind to them,\' thought Alice, \'and if it please your Majesty!\' the soldiers did. After these came the royal children; there were TWO little shrieks, and more sounds of broken glass. \'What a curious dream!\' said Alice, and looking at everything about her, to pass away the time. Alice had never seen such a fall as this, I shall have to beat time when she looked.', '1', '2017-07-07 02:48:46', '2017-07-07 02:48:46');
INSERT INTO `posts` VALUES ('67', '1', 'Totam aut impedit quis nihil.', 'http://lorempixel.com/480/480/?43528', 'Ea ut dicta in et tempora. Ea odio et tempora est dolore. Ipsam modi earum laudantium qui quo maiores. Pariatur eos tenetur blanditiis enim sapiente iusto veniam.', 'So they got thrown out to be true): If she should meet the real Mary Ann, and be turned out of the Mock Turtle. \'Hold your tongue, Ma!\' said the Cat, \'a dog\'s not mad. You grant that?\' \'I suppose they are the jurors.\' She said this last word two or three pairs of tiny white kid gloves and a Dodo, a Lory and an old woman--but then--always to have got altered.\' \'It is wrong from beginning to get through was more and more puzzled, but she had wept when she got to the conclusion that it ought to.', '1', '2017-07-07 02:48:46', '2017-07-07 02:48:46');
INSERT INTO `posts` VALUES ('68', '1', 'Nihil nihil consequuntur dolor officia cumque deserunt.', 'http://lorempixel.com/480/480/?98325', 'Voluptatem aliquid porro maxime qui. Pariatur atque ipsa atque quis. Consequatur eaque soluta accusamus autem. Veritatis ut in voluptatem veniam.', 'It\'s by far the most confusing thing I know. Silence all round, if you only kept on puzzling about it just missed her. Alice caught the flamingo and brought it back, the fight was over, and she felt very glad to do anything but sit with its eyelids, so he with his knuckles. It was the first to speak. \'What size do you call him Tortoise, if he thought it would be like, \'--for they haven\'t got much evidence YET,\' she said to a day-school, too,\' said Alice; \'that\'s not at all like the name:.', '0', '2017-07-07 02:48:46', '2017-07-07 02:48:46');
INSERT INTO `posts` VALUES ('69', '1', 'Dolorem ut blanditiis culpa quibusdam doloremque non omnis.', 'http://lorempixel.com/480/480/?53109', 'Quia ratione quo nemo qui velit et itaque. Fugit non possimus et dignissimos enim. Eos nihil eaque et inventore consequatur et. Ab officia nemo blanditiis mollitia sunt.', 'Gryphon never learnt it.\' \'Hadn\'t time,\' said the Mock Turtle went on, \'you throw the--\' \'The lobsters!\' shouted the Queen, and Alice was very hot, she kept tossing the baby violently up and say \"How doth the little--\"\' and she told her sister, as well say,\' added the Dormouse, after thinking a minute or two the Caterpillar contemptuously. \'Who are YOU?\' said the Duchess, it had a pencil that squeaked. This of course, Alice could hear the very tones of her favourite word \'moral,\' and the.', '1', '2017-07-07 02:48:46', '2017-07-07 02:48:46');
INSERT INTO `posts` VALUES ('70', '8', 'Possimus fugit ut cupiditate architecto accusamus.', 'http://lorempixel.com/480/480/?82802', 'Dolore numquam suscipit eos. Eligendi libero debitis commodi sint perferendis recusandae asperiores. Voluptatum eveniet eligendi in aut eum.', 'Why, I haven\'t had a large cat which was full of smoke from one foot to the other, and growing sometimes taller and sometimes she scolded herself so severely as to size,\' Alice hastily replied; \'at least--at least I mean what I used to it as well she might, what a long argument with the day of the teacups as the door opened inwards, and Alice\'s elbow was pressed hard against it, that attempt proved a failure. Alice heard it muttering to itself \'The Duchess! The Duchess! Oh my fur and whiskers!.', '1', '2017-07-07 02:48:46', '2017-07-07 02:48:46');
INSERT INTO `posts` VALUES ('71', '9', 'Aspernatur quis est repudiandae et qui iure.', 'http://lorempixel.com/480/480/?58396', 'Aspernatur id voluptatem eligendi ut eaque magnam laboriosam. Doloremque rerum maxime enim perspiciatis. Suscipit corrupti eaque iusto aut delectus esse ea. Odit occaecati quis amet rem dolores aut.', 'The players all played at once in her hands, and was going a journey, I should think it would be of any one; so, when the White Rabbit as he came, \'Oh! the Duchess, \'and that\'s why. Pig!\' She said the Hatter. \'He won\'t stand beating. Now, if you were all turning into little cakes as they would go, and broke to pieces against one of its little eyes, but it is.\' \'Then you shouldn\'t talk,\' said the Dormouse: \'not in that ridiculous fashion.\' And he added looking angrily at the picture.) \'Up, lazy.', '0', '2017-07-07 02:48:46', '2017-07-07 02:48:46');
INSERT INTO `posts` VALUES ('72', '1', 'Quaerat cum mollitia voluptatem ipsam ut.', 'http://lorempixel.com/480/480/?84869', 'Assumenda et ut omnis. Illo voluptas modi repellat et. Qui labore ullam vel. Eum dolores iure aut blanditiis sit molestiae beatae impedit. Reprehenderit dolor rerum ratione.', 'How the Owl and the little golden key, and Alice\'s elbow was pressed hard against it, that attempt proved a failure. Alice heard the Queen\'s hedgehog just now, only it ran away when it saw Alice. It looked good-natured, she thought: still it was talking in a great deal to ME,\' said the Mock Turtle, who looked at it gloomily: then he dipped it into his plate. Alice did not wish to offend the Dormouse said--\' the Hatter continued, \'in this way:-- \"Up above the world go round!\"\' \'Somebody said,\'.', '1', '2017-07-07 02:48:46', '2017-07-07 02:48:46');
INSERT INTO `posts` VALUES ('73', '10', 'Et recusandae ab nulla hic voluptate esse.', 'http://lorempixel.com/480/480/?53376', 'Nihil ut incidunt cum omnis. Eos ipsam rem eos voluptatum deserunt iste neque. Placeat ut cupiditate itaque consequatur voluptatem nulla ullam. Ut autem nisi est officia.', 'WOULD put their heads off?\' shouted the Queen. First came ten soldiers carrying clubs; these were all crowded round it, panting, and asking, \'But who is to find any. And yet I don\'t want YOU with us!\"\' \'They were learning to draw,\' the Dormouse crossed the court, arm-in-arm with the dream of Wonderland of long ago: and how she was ready to play with, and oh! ever so many different sizes in a very decided tone: \'tell her something worth hearing. For some minutes the whole she thought it over.', '0', '2017-07-07 02:48:46', '2017-07-07 02:48:46');
INSERT INTO `posts` VALUES ('74', '1', 'Impedit ut qui qui et reprehenderit et.', 'http://lorempixel.com/480/480/?91151', 'Eum assumenda reprehenderit inventore et eveniet autem. Odio autem et recusandae maiores blanditiis soluta adipisci. Nesciunt iusto sed iste ut.', 'Rabbit hastily interrupted. \'There\'s a great thistle, to keep back the wandering hair that WOULD always get into the earth. Let me see: I\'ll give them a new kind of authority over Alice. \'Stand up and down in a sorrowful tone; \'at least there\'s no use in knocking,\' said the March Hare said to herself how she was going off into a pig, and she had somehow fallen into a sort of mixed flavour of cherry-tart, custard, pine-apple, roast turkey, toffee, and hot buttered toast,) she very soon came to.', '0', '2017-07-07 02:48:46', '2017-07-07 02:48:46');
INSERT INTO `posts` VALUES ('75', '2', 'Voluptates veritatis velit aut ea quisquam rem.', 'http://lorempixel.com/480/480/?58467', 'Dolores animi minus architecto porro. Aliquam sunt recusandae voluptatem minima numquam amet est. Mollitia et ipsa repellendus. Fuga culpa fugit dolore architecto molestiae.', 'I ever saw one that size? Why, it fills the whole court was a good deal frightened by this time, as it lasted.) \'Then the Dormouse turned out, and, by the pope, was soon left alone. \'I wish the creatures wouldn\'t be so stingy about it, even if I must, I must,\' the King said to herself. (Alice had been wandering, when a sharp hiss made her so savage when they met in the middle of her age knew the meaning of half those long words, and, what\'s more, I don\'t take this young lady tells us a story!\'.', '0', '2017-07-07 02:48:46', '2017-07-07 02:48:46');
INSERT INTO `posts` VALUES ('76', '3', 'Eligendi ut et perferendis similique.', 'http://lorempixel.com/480/480/?48337', 'Iure qui repellat et in. Occaecati quisquam tenetur velit excepturi laboriosam. Nihil maxime commodi quam perferendis minus.', 'Alice. \'That\'s very curious.\' \'It\'s all his fancy, that: he hasn\'t got no sorrow, you know. So you see, Alice had never been so much contradicted in her head, and she thought it must be what he did with the words all coming different, and then at the Footman\'s head: it just grazed his nose, and broke to pieces against one of the jury had a head could be NO mistake about it: it was empty: she did not dare to disobey, though she knew that it seemed quite natural); but when the White Rabbit.', '1', '2017-07-07 02:48:46', '2017-07-07 02:48:46');
INSERT INTO `posts` VALUES ('77', '4', 'Nesciunt vel tempora atque ut tenetur.', 'http://lorempixel.com/480/480/?83936', 'Possimus ut quisquam ut et ut cumque. Consequuntur odit repellendus qui sequi. Rem et id quae libero non ipsum adipisci.', 'However, this bottle was NOT marked \'poison,\' it is right?\' \'In my youth,\' said his father, \'I took to the little golden key was lying on the second verse of the officers of the creature, but on second thoughts she decided to remain where she was in a very pretty dance,\' said Alice sadly. \'Hand it over a little bird as soon as there was nothing else to do, so Alice soon came to the dance. Would not, could not, would not, could not possibly reach it: she could see, when she turned the corner,.', '0', '2017-07-07 02:48:46', '2017-07-07 02:48:46');
INSERT INTO `posts` VALUES ('78', '2', 'Voluptate impedit temporibus accusantium quos.', 'http://lorempixel.com/480/480/?40882', 'Veniam accusantium reiciendis voluptatem a enim doloremque deleniti. Sit qui voluptas voluptatem iusto. Similique vel id deleniti cupiditate quia impedit. Non est possimus nemo saepe.', 'The Mock Turtle in the sea. But they HAVE their tails fast in their paws. \'And how do you know what they\'re about!\' \'Read them,\' said the Queen. \'Sentence first--verdict afterwards.\' \'Stuff and nonsense!\' said Alice desperately: \'he\'s perfectly idiotic!\' And she began thinking over all she could remember about ravens and writing-desks, which wasn\'t much. The Hatter shook his head sadly. \'Do I look like it?\' he said, \'on and off, for days and days.\' \'But what am I to do so. \'Shall we try.', '1', '2017-07-07 02:48:46', '2017-07-07 02:48:46');
INSERT INTO `posts` VALUES ('79', '5', 'Consequatur et debitis a ab exercitationem.', 'http://lorempixel.com/480/480/?96597', 'Eveniet voluptatem molestiae ut. Nulla molestiae quod a quisquam. Aut laboriosam et aliquam aliquam omnis a.', 'As she said to herself \'Suppose it should be raving mad--at least not so mad as it is.\' \'Then you should say what you were me?\' \'Well, perhaps you haven\'t found it so VERY much out of the e--e--evening, Beautiful, beauti--FUL SOUP!\' \'Chorus again!\' cried the Gryphon, and the great concert given by the carrier,\' she thought; \'and how funny it\'ll seem, sending presents to one\'s own feet! And how odd the directions will look! ALICE\'S RIGHT FOOT, ESQ. HEARTHRUG, NEAR THE FENDER, (WITH ALICE\'S.', '1', '2017-07-07 02:48:46', '2017-07-07 02:48:46');
INSERT INTO `posts` VALUES ('80', '6', 'Vel sunt animi dolorum assumenda architecto.', 'http://lorempixel.com/480/480/?30954', 'Est earum id exercitationem soluta cum reprehenderit ullam voluptatem. Quia recusandae impedit sed quidem. Voluptatem et iure eaque tempora.', 'Alice put down the bottle, saying to herself what such an extraordinary ways of living would be a lesson to you to learn?\' \'Well, there was a dead silence. \'It\'s a mineral, I THINK,\' said Alice. \'Did you say things are \"much of a tree. By the use of repeating all that green stuff be?\' said Alice. \'Did you speak?\' \'Not I!\' said the Dormouse; \'--well in.\' This answer so confused poor Alice, and she put it. She went in without knocking, and hurried off at once: one old Magpie began wrapping.', '0', '2017-07-07 02:48:46', '2017-07-07 02:48:46');
INSERT INTO `posts` VALUES ('81', '1', 'In et id reprehenderit nam quia officia illo excepturi.', 'http://lorempixel.com/480/480/?59341', 'Dolores suscipit et ea cumque. Quaerat ullam repudiandae consequuntur est. Fugiat quidem autem sit pariatur.', 'Alice thought she had made the whole head appeared, and then hurried on, Alice started to her that she could get away without being seen, when she had tired herself out with his nose Trims his belt and his friends shared their never-ending meal, and the moon, and memory, and muchness--you know you say it.\' \'That\'s nothing to what I say--that\'s the same as the large birds complained that they could not be denied, so she went on, \'\"--found it advisable to go after that into a tidy little room.', '1', '2017-07-07 02:48:46', '2017-07-07 02:48:46');
INSERT INTO `posts` VALUES ('82', '23', 'Voluptates omnis id consequatur omnis sequi explicabo.', 'http://lorempixel.com/480/480/?15938', 'Soluta autem sit neque officiis explicabo et voluptatem. Ut tempore quos quo.', 'Rabbit\'s--\'Pat! Pat! Where are you?\' And then a great hurry; \'this paper has just been reading about; and when she had somehow fallen into it: there was a body to cut it off from: that he had a VERY unpleasant state of mind, she turned the corner, but the Gryphon went on. \'We had the dish as its share of the creature, but on second thoughts she decided on going into the open air. \'IF I don\'t take this young lady to see the Mock Turtle recovered his voice, and, with tears again as quickly as.', '1', '2017-07-07 02:48:46', '2017-07-07 02:48:46');
INSERT INTO `posts` VALUES ('83', '1', 'Distinctio fugiat aut doloremque.', 'http://lorempixel.com/480/480/?50814', 'Cumque perferendis ipsa assumenda fugiat molestias rerum sed quasi. Iste dolor ab aut odio saepe consequatur et. A et voluptatem consequatur omnis alias sequi repellat.', 'Alice for protection. \'You shan\'t be able! I shall ever see such a curious dream, dear, certainly: but now run in to your places!\' shouted the Queen. \'You make me grow smaller, I can remember feeling a little scream of laughter. \'Oh, hush!\' the Rabbit was no time to go, for the end of trials, \"There was some attempts at applause, which was the King; and as for the hot day made her look up and down in a louder tone. \'ARE you to death.\"\' \'You are not attending!\' said the King said, turning to.', '0', '2017-07-07 02:48:46', '2017-07-07 02:48:46');
INSERT INTO `posts` VALUES ('84', '1', 'Eos molestiae commodi est ipsa ex recusandae tenetur iste.', 'http://lorempixel.com/480/480/?39262', 'Sit voluptatem rem non nam officiis quo veritatis iusto. Quos nemo magni cum temporibus. Ut pariatur et reiciendis dolorem.', 'Cat, and vanished. Alice was beginning to think about it, you may SIT down,\' the King hastily said, and went on: \'--that begins with an important air, \'are you all ready? This is the use of a muchness\"--did you ever see you any more!\' And here Alice began telling them her adventures from the roof. There were doors all round the refreshments!\' But there seemed to have changed since her swim in the direction in which case it would all come wrong, and she heard a little startled when she turned.', '1', '2017-07-07 02:48:46', '2017-07-07 02:48:46');
INSERT INTO `posts` VALUES ('85', '34', 'Consequatur ducimus et animi maxime dolor quia voluptates.', 'http://lorempixel.com/480/480/?71095', 'Facilis optio doloribus et autem. Quis et rerum eveniet. Dolores ipsam omnis praesentium et iure qui aliquam magnam. Et magni consequatur veniam aperiam sit corporis.', 'I suppose.\' So she began fancying the sort of life! I do hope it\'ll make me grow smaller, I can guess that,\' she added aloud. \'Do you know why it\'s called a whiting?\' \'I never heard it muttering to itself \'The Duchess! The Duchess! Oh my fur and whiskers! She\'ll get me executed, as sure as ferrets are ferrets! Where CAN I have dropped them, I wonder?\' As she said to the rose-tree, she went on. Her listeners were perfectly quiet till she was going on rather better now,\' she added in a deep.', '0', '2017-07-07 02:48:46', '2017-07-07 02:48:46');
INSERT INTO `posts` VALUES ('86', '23', 'Laboriosam deserunt quod adipisci repellat iure et animi.', 'http://lorempixel.com/480/480/?39542', 'Et quia earum necessitatibus in inventore cum autem. Explicabo eos quia rerum excepturi non neque.\nIn fuga sint quia quibusdam. Sint eius incidunt quia enim eos amet eum. Quia non quidem dolore.', 'Duchess, the Duchess! Oh! won\'t she be savage if I\'ve kept her eyes immediately met those of a water-well,\' said the Mouse. \'--I proceed. \"Edwin and Morcar, the earls of Mercia and Northumbria--\"\' \'Ugh!\' said the Mock Turtle is.\' \'It\'s the stupidest tea-party I ever was at the moment, \'My dear! I shall ever see you any more!\' And here Alice began to repeat it, when a sharp hiss made her so savage when they saw the Mock Turtle replied in an undertone to the rose-tree, she went back to the Knave.', '0', '2017-07-07 02:48:46', '2017-07-07 02:48:46');
INSERT INTO `posts` VALUES ('87', '1', 'Molestiae aliquid iure in sapiente nemo veritatis.', 'http://lorempixel.com/480/480/?97965', 'Vero voluptas ea dolorum iusto illum consequatur. Itaque reiciendis quisquam nobis ea sit. Perspiciatis temporibus voluptatibus exercitationem et explicabo neque.', 'Alice, seriously, \'I\'ll have nothing more happened, she decided to remain where she was to twist it up into the air. \'--as far out to sea. So they had to run back into the wood to listen. The Fish-Footman began by producing from under his arm a great thistle, to keep herself from being broken. She hastily put down the bottle, she found herself safe in a loud, indignant voice, but she heard something splashing about in all their simple sorrows, and find a thing,\' said the King, with an anxious.', '0', '2017-07-07 02:48:46', '2017-07-07 02:48:46');
INSERT INTO `posts` VALUES ('88', '7', 'Soluta et suscipit impedit qui et in quis.', 'http://lorempixel.com/480/480/?73157', 'In aut a nisi harum. Numquam quis magni veniam officiis est enim. Error est facilis necessitatibus ut quo necessitatibus.', 'Alice. \'Why, there they lay on the English coast you find a thing,\' said the Duchess, \'and that\'s why. Pig!\' She said this she looked up, and reduced the answer to it?\' said the Gryphon: and Alice heard the Queen\'s absence, and were resting in the back. At last the Mock Turtle\'s heavy sobs. Lastly, she pictured to herself in a soothing tone: \'don\'t be angry about it. And yet I wish you could only see her. She is such a new kind of authority over Alice. \'Stand up and ran the faster, while more.', '1', '2017-07-07 02:48:46', '2017-07-07 02:48:46');
INSERT INTO `posts` VALUES ('89', '2', 'Ipsa error eos necessitatibus eveniet dolorum similique vero deleniti.', 'http://lorempixel.com/480/480/?82443', 'Itaque ea nostrum et quasi. Labore et mollitia voluptas quod quod. Ratione veritatis harum sit nihil et laborum error. Culpa magnam dicta nemo quos ut.', 'Who in the pool was getting very sleepy; \'and they all cheered. Alice thought to herself, in a hurried nervous manner, smiling at everything that Alice had no pictures or conversations?\' So she was shrinking rapidly; so she sat down again into its eyes were looking up into the garden at once; but, alas for poor Alice! when she found she had found the fan and a scroll of parchment in the wood,\' continued the Hatter, and he poured a little quicker. \'What a curious croquet-ground in her life.', '0', '2017-07-07 02:48:46', '2017-07-07 02:48:46');
INSERT INTO `posts` VALUES ('90', '1', 'Aliquam aliquid dignissimos illum excepturi cupiditate.', 'http://lorempixel.com/480/480/?86636', 'Reprehenderit ducimus adipisci dicta et necessitatibus. Velit sint voluptas provident iure ut quo esse. Adipisci quia velit rem eum placeat.', 'Kings and Queens, and among them Alice recognised the White Rabbit read out, at the Gryphon never learnt it.\' \'Hadn\'t time,\' said the Mock Turtle. \'No, no! The adventures first,\' said the Duchess; \'and most of \'em do.\' \'I don\'t quite understand you,\' she said, without opening its eyes, \'Of course, of course; just what I could say if I might venture to go with Edgar Atheling to meet William and offer him the crown. William\'s conduct at first was moderate. But the insolence of his great wig.\'.', '1', '2017-07-07 02:48:46', '2017-07-07 02:48:46');
INSERT INTO `posts` VALUES ('91', '1', 'Aliquid voluptatibus asperiores sit corrupti deserunt enim.', 'http://lorempixel.com/480/480/?87244', 'Excepturi a rerum eius aperiam. Voluptas non est provident nemo error. Cupiditate consequatur consectetur ducimus aut vitae nostrum nam. Delectus optio maiores ipsum dolorum dolor quia.', 'The Gryphon lifted up both its paws in surprise. \'What! Never heard of \"Uglification,\"\' Alice ventured to say. \'What is his sorrow?\' she asked the Mock Turtle sighed deeply, and drew the back of one flapper across his eyes. \'I wasn\'t asleep,\' he said in a sulky tone, as it turned a corner, \'Oh my ears and whiskers, how late it\'s getting!\' She was walking hand in hand with Dinah, and saying \"Come up again, dear!\" I shall only look up in spite of all this time. \'I want a clean cup,\' interrupted.', '0', '2017-07-07 02:48:46', '2017-07-07 02:48:46');
INSERT INTO `posts` VALUES ('92', '4', 'Molestiae rem quo maxime.', 'http://lorempixel.com/480/480/?24309', 'Voluptatem perspiciatis laudantium molestiae provident assumenda. Explicabo dolor accusamus numquam excepturi in. Saepe aspernatur tempora sunt.', 'Gryphon: and it sat for a moment to think that very few things indeed were really impossible. There seemed to be an advantage,\' said Alice, timidly; \'some of the lefthand bit of stick, and tumbled head over heels in its hurry to change them--\' when she turned to the Dormouse, who seemed to be sure, this generally happens when you come to the tarts on the top of her going, though she looked up, and began smoking again. This time Alice waited a little, \'From the Queen. An invitation for the.', '1', '2017-07-07 02:48:46', '2017-07-07 02:48:46');
INSERT INTO `posts` VALUES ('93', '23', 'Commodi vel debitis dignissimos dolor deserunt est.', 'http://lorempixel.com/480/480/?66940', 'Omnis aut ipsum sit. Repudiandae qui nam ea sed unde. Corrupti cupiditate id odio dolor recusandae ipsa. Tempora est porro non distinctio provident est iusto.', 'The Duchess took no notice of them at last, they must be getting somewhere near the centre of the house down!\' said the King said to the end: then stop.\' These were the two creatures got so close to the heads of the Queen in front of the conversation. Alice replied, so eagerly that the Queen in front of them, and all would change (she knew) to the game. CHAPTER IX. The Mock Turtle yawned and shut his note-book hastily. \'Consider your verdict,\' he said in a helpless sort of circle, (\'the exact.', '1', '2017-07-07 02:48:46', '2017-07-07 02:48:46');
INSERT INTO `posts` VALUES ('94', '10', 'Corrupti minima praesentium ut ut sint deleniti ut.', 'http://lorempixel.com/480/480/?81998', 'Officia est nobis facere rerum. Neque ut ratione quia exercitationem. Et veritatis nisi qui est. Enim maxime maiores dolores et.', 'Cheshire Cat: now I shall see it written up somewhere.\' Down, down, down. Would the fall NEVER come to the fifth bend, I think?\' \'I had NOT!\' cried the Gryphon, and the cool fountains. CHAPTER VIII. The Queen\'s Croquet-Ground A large rose-tree stood near the house till she had a door leading right into it. \'That\'s very curious.\' \'It\'s all her wonderful Adventures, till she was holding, and she said to herself as she ran. \'How surprised he\'ll be when he finds out who I WAS when I got up and.', '1', '2017-07-07 02:48:46', '2017-07-07 02:48:46');
INSERT INTO `posts` VALUES ('95', '1', 'Quibusdam debitis perferendis molestias non.', 'http://lorempixel.com/480/480/?34514', 'Voluptatem vero maiores molestiae doloremque eum dicta. Vero sapiente minus voluptates quia qui. Dolores aut impedit et impedit dolorem.', 'Rabbit\'s--\'Pat! Pat! Where are you?\' said the Gryphon. \'The reason is,\' said the youth, \'and your jaws are too weak For anything tougher than suet; Yet you balanced an eel on the twelfth?\' Alice went on planning to herself what such an extraordinary ways of living would be QUITE as much as she passed; it was out of the house down!\' said the Footman. \'That\'s the most curious thing I know. Silence all round, if you could draw treacle out of his shrill little voice, the name \'W. RABBIT\' engraved.', '0', '2017-07-07 02:48:46', '2017-07-07 02:48:46');
INSERT INTO `posts` VALUES ('96', '1', 'Sed omnis ipsa dolores sint nisi natus consequatur.', 'http://lorempixel.com/480/480/?90461', 'Voluptatem aut aut facilis doloribus consequuntur magni sapiente. Quae deserunt enim est voluptatem. Ut sed id temporibus reiciendis tempore quas aut.', 'Come on!\' \'Everybody says \"come on!\" here,\' thought Alice, and looking at the March Hare and the arm that was trickling down his face, as long as it can be,\' said the Dodo. Then they all crowded round it, panting, and asking, \'But who is to do next, when suddenly a footman in livery came running out of sight before the end of the right-hand bit to try the thing at all. However, \'jury-men\' would have made a dreadfully ugly child: but it puzzled her too much, so she felt that this could not.', '0', '2017-07-07 02:48:46', '2017-07-07 02:48:46');
INSERT INTO `posts` VALUES ('97', '1', 'Expedita omnis in temporibus ut incidunt odit labore eos.', 'http://lorempixel.com/480/480/?18072', 'Ullam occaecati omnis ab nihil voluptates architecto. Deleniti impedit possimus sint quam. Optio voluptate autem aspernatur voluptas quos.', 'Hatter continued, \'in this way:-- \"Up above the world you fly, Like a tea-tray in the middle, being held up by two guinea-pigs, who were giving it a very small cake, on which the wretched Hatter trembled so, that he had never left off sneezing by this time). \'Don\'t grunt,\' said Alice; not that she wasn\'t a bit afraid of it. She felt that there ought! And when I got up very sulkily and crossed over to herself, as usual. \'Come, there\'s no room at all comfortable, and it was impossible to say it.', '1', '2017-07-07 02:48:46', '2017-07-07 02:48:46');
INSERT INTO `posts` VALUES ('98', '7', 'Consequatur rerum et minus quidem quod id voluptatem.', 'http://lorempixel.com/480/480/?78865', 'Maxime aspernatur ipsam distinctio iure. Nobis eveniet est minima rem sequi. Voluptas eius et consequatur et quas. Libero eaque sed rerum repellat odio harum doloribus.', 'The adventures first,\' said the Duchess, digging her sharp little chin into Alice\'s shoulder as she spoke. Alice did not come the same size: to be treated with respect. \'Cheshire Puss,\' she began, in rather a handsome pig, I think.\' And she squeezed herself up on tiptoe, and peeped over the verses on his spectacles and looked at her as she leant against a buttercup to rest herself, and once again the tiny hands were clasped upon her face. \'Wake up, Alice dear!\' said her sister; \'Why, what are.', '0', '2017-07-07 02:48:46', '2017-07-07 02:48:46');
INSERT INTO `posts` VALUES ('99', '3', 'Voluptatem aperiam provident autem illo rem ea.', 'http://lorempixel.com/480/480/?86794', 'Vel possimus quis sunt dolores nulla. Harum provident sed laudantium nihil. Iure occaecati non sit ut et.', 'In the very middle of her or of anything to say, she simply bowed, and took the cauldron of soup off the mushroom, and her face in her hand, and Alice was silent. The King turned pale, and shut his note-book hastily. \'Consider your verdict,\' he said to herself that perhaps it was perfectly round, she found to be sure! However, everything is queer to-day.\' Just then she heard a voice she had felt quite relieved to see if she could have told you that.\' \'If I\'d been the whiting,\' said Alice,.', '0', '2017-07-07 02:48:46', '2017-07-07 02:48:46');
INSERT INTO `posts` VALUES ('100', '1', 'Exercitationem illum dolores rem sit quisquam.', 'http://lorempixel.com/480/480/?68665', 'Pariatur molestiae eaque consectetur omnis perspiciatis repellat quia. Et quo aut sequi quis. Excepturi earum est nam quae id.', 'I suppose Dinah\'ll be sending me on messages next!\' And she opened it, and behind it when she turned to the jury. They were just beginning to get her head was so large in the sea, though you mayn\'t believe it--\' \'I never was so full of the hall; but, alas! the little golden key and hurried upstairs, in great fear lest she should meet the real Mary Ann, and be turned out of sight, they were mine before. If I or she fell past it. \'Well!\' thought Alice to herself. \'Of the mushroom,\' said the.', '1', '2017-07-07 02:48:46', '2017-07-07 02:48:46');

-- ----------------------------
-- Table structure for tags
-- ----------------------------
DROP TABLE IF EXISTS `tags`;
CREATE TABLE `tags` (
  `id` int(10) unsigned NOT NULL AUTO_INCREMENT,
  `name` varchar(255) NOT NULL,
  `post_id` int(10) unsigned NOT NULL,
  `created_at` timestamp NULL DEFAULT NULL,
  `updated_at` timestamp NULL DEFAULT NULL,
  PRIMARY KEY (`id`),
  KEY `post_id` (`post_id`),
  CONSTRAINT `tags_ibfk_1` FOREIGN KEY (`post_id`) REFERENCES `posts` (`id`)
) ENGINE=InnoDB AUTO_INCREMENT=11 DEFAULT CHARSET=utf8;

-- ----------------------------
-- Records of tags
-- ----------------------------
INSERT INTO `tags` VALUES ('1', 'Officiis quibusdam et.', '2', '2017-07-07 02:56:17', '2017-07-07 02:56:17');
INSERT INTO `tags` VALUES ('2', 'Doloremque optio facere quia.', '1', '2017-07-07 02:56:17', '2017-07-07 02:56:17');
INSERT INTO `tags` VALUES ('3', 'Earum non in laborum ullam.', '4', '2017-07-07 02:56:17', '2017-07-07 02:56:17');
INSERT INTO `tags` VALUES ('4', 'Voluptatibus perspiciatis nesciunt.', '6', '2017-07-07 02:56:17', '2017-07-07 02:56:17');
INSERT INTO `tags` VALUES ('5', 'Fugit et culpa sunt.', '4', '2017-07-07 02:56:17', '2017-07-07 02:56:17');
INSERT INTO `tags` VALUES ('6', 'Recusandae autem sint.', '3', '2017-07-07 02:56:17', '2017-07-07 02:56:17');
INSERT INTO `tags` VALUES ('7', 'Quo aliquid maxime.', '2', '2017-07-07 02:56:17', '2017-07-07 02:56:17');
INSERT INTO `tags` VALUES ('8', 'Iusto et vel.', '1', '2017-07-07 02:56:17', '2017-07-07 02:56:17');
INSERT INTO `tags` VALUES ('9', 'Dolore dolores cumque est.', '4', '2017-07-07 02:56:17', '2017-07-07 02:56:17');
INSERT INTO `tags` VALUES ('10', 'Culpa nemo ea laudantium.', '10', '2017-07-07 02:56:17', '2017-07-07 02:56:17');

-- ----------------------------
-- Table structure for users
-- ----------------------------
DROP TABLE IF EXISTS `users`;
CREATE TABLE `users` (
  `id` int(10) unsigned NOT NULL AUTO_INCREMENT,
  `name` varchar(255) NOT NULL,
  `email` varchar(255) NOT NULL,
  `password` varchar(255) NOT NULL,
  `avatar` varchar(255) DEFAULT NULL,
  `mobile` varchar(255) DEFAULT NULL,
  `gender` tinyint(4) NOT NULL DEFAULT '1',
  `birthday` date DEFAULT NULL,
  `address` varchar(255) DEFAULT NULL,
  `remember_token` varchar(100) DEFAULT NULL,
  `created_at` timestamp NULL DEFAULT NULL,
  `updated_at` timestamp NULL DEFAULT NULL,
  PRIMARY KEY (`id`),
  UNIQUE KEY `users_email_unique` (`email`)
) ENGINE=InnoDB AUTO_INCREMENT=51 DEFAULT CHARSET=utf8;

-- ----------------------------
-- Records of users
-- ----------------------------
INSERT INTO `users` VALUES ('1', 'Dr. Leopoldo Kerluke', 'derek54@hotmail.com', '$2y$10$b9yOLqShO5b23krgE/e4u..qeAUzjn7TzxYCzMzubeCgFofeqBg9C', 'http://lorempixel.com/480/480/?31827', '1-855-250-3780', '1', '1944-07-30', '3336 Gerhold Turnpike\nAmericamouth, DC 03731-5400', null, '2017-07-07 02:41:31', '2017-07-07 02:41:31');
INSERT INTO `users` VALUES ('2', 'Bert Bruen', 'daugherty.casimer@reichel.com', '$2y$10$DM0cb9QECXticKM1j4FUU.Il.a0Ed0VnVRv423eJ5Cc1hQSuRA/W2', 'http://lorempixel.com/480/480/?31243', '(888) 957-5239', '0', '1945-12-05', '795 Christelle Fall\nSouth Dollybury, MO 86071-5521', null, '2017-07-07 02:41:31', '2017-07-07 02:41:31');
INSERT INTO `users` VALUES ('3', 'Zachary Hartmann DVM', 'cristopher.goyette@yahoo.com', '$2y$10$oJQsz9yeCqMZ6BkzAieER.pMvW0jKuXUHBdLMTp08Bwj224wPvfiC', 'http://lorempixel.com/480/480/?15489', '1-844-774-1227', '0', '2001-06-06', '763 Zboncak Pine Apt. 868\nChaseberg, MT 28505-3473', null, '2017-07-07 02:41:31', '2017-07-07 02:41:31');
INSERT INTO `users` VALUES ('4', 'Emelia Macejkovic', 'wboyer@yahoo.com', '$2y$10$kuT6ck0chEI7sQ/m61nsaupiuxqr8hFoUBWXW4gNbQx408qe82UcC', 'http://lorempixel.com/480/480/?91637', '1-844-732-7016', '0', '1982-01-24', '137 Amie Key\nOlafborough, KS 49386-9838', null, '2017-07-07 02:41:31', '2017-07-07 02:41:31');
INSERT INTO `users` VALUES ('5', 'Emelie Grady', 'millie25@gmail.com', '$2y$10$8CfOA/hBjkVfEaVumSDXdOqr3BA2V8ugUFRVUqRs8BlD03YxIe9wy', 'http://lorempixel.com/480/480/?39426', '866.931.1894', '1', '1948-07-28', '5521 Roob Fork\nLake Adamside, DC 40713', null, '2017-07-07 02:41:31', '2017-07-07 02:41:31');
INSERT INTO `users` VALUES ('6', 'Ms. Lilyan Gulgowski V', 'anissa.trantow@brekke.com', '$2y$10$lO1kPXHAKM2o5VFZKO2ybO31HQyc8nIlv4H1Clooam7qu9a8Xb6wi', 'http://lorempixel.com/480/480/?62780', '(844) 369-8925', '1', '1998-03-16', '3996 Jerald Grove Apt. 009\nLake Dayneburgh, DE 71511-2000', null, '2017-07-07 02:41:31', '2017-07-07 02:41:31');
INSERT INTO `users` VALUES ('7', 'Josefina Walker', 'helen.connelly@turcotte.com', '$2y$10$Y2PFTDhfMgmA5A4Eygb.SOxczySRs8.n3Rf06qNdSOC.imLZ3kxW2', 'http://lorempixel.com/480/480/?18389', '1-844-858-3936', '0', '1941-11-05', '8877 Germaine Circles\nSchambergerburgh, MT 50937-5156', null, '2017-07-07 02:41:31', '2017-07-07 02:41:31');
INSERT INTO `users` VALUES ('8', 'Meta Smith', 'kling.bryce@conn.com', '$2y$10$5IvHBKvdfyCsTz29GjCKlOCuHmgLPTUW8JqKCQT6YjECccVY7Nszi', 'http://lorempixel.com/480/480/?97843', '(800) 319-7327', '0', '1926-10-19', '631 Louisa Valley Apt. 168\nLake Ilaport, AR 73735', null, '2017-07-07 02:41:31', '2017-07-07 02:41:31');
INSERT INTO `users` VALUES ('9', 'Amelia Mayer', 'dell20@mraz.info', '$2y$10$.uf/s0xMpc6EKck1x1Tw4e6KJsVnQGdRoyUZr6ZKBbjxD17A2DYyi', 'http://lorempixel.com/480/480/?80567', '855.314.7651', '1', '1944-05-13', '811 Terry Isle Apt. 056\nNorth Sarinamouth, CA 73557-4869', null, '2017-07-07 02:41:31', '2017-07-07 02:41:31');
INSERT INTO `users` VALUES ('10', 'Edwin Johnson', 'will.jamal@hotmail.com', '$2y$10$53Uz4Qd2FV3UinHFBlHwDuy7xd3xBuELV1OJlWrPQYgItKgMXBpM6', 'http://lorempixel.com/480/480/?89317', '888-364-6733', '1', '1997-08-15', '3605 Kreiger Run Suite 807\nEast Joelle, NH 84154-3351', null, '2017-07-07 02:41:31', '2017-07-07 02:41:31');
INSERT INTO `users` VALUES ('11', 'Prof. Domingo Stracke DDS', 'prosacco.johanna@trantow.biz', '$2y$10$gfnQP/MEhuh57Dr5h3uZA.v9H2feEGAK7LqoiZBZV.8k7XCkcgU12', 'http://lorempixel.com/480/480/?37367', '866-758-1396', '1', '1950-02-01', '2160 Waelchi Brooks\nPort Vernonburgh, MD 80101-0676', null, '2017-07-07 02:41:31', '2017-07-07 02:41:31');
INSERT INTO `users` VALUES ('12', 'Prof. Houston Doyle', 'nolan28@ankunding.org', '$2y$10$.VY66lOwHihgH99ccoaZleIz6h9lmq7m30nh8GL9Fioo24gvgNvcC', 'http://lorempixel.com/480/480/?29958', '866.599.0451', '0', '2007-08-01', '9138 Stoltenberg Stravenue\nRomaburgh, VA 40024', null, '2017-07-07 02:41:31', '2017-07-07 02:41:31');
INSERT INTO `users` VALUES ('13', 'Kelly Koss', 'kim.harber@roob.info', '$2y$10$F1Rg0QSBg7fT4X8uWx.TjOK3kRkvIZ4QuAORhSAw1TLvV21QxnAM2', 'http://lorempixel.com/480/480/?68651', '(877) 261-0656', '1', '1961-12-16', '302 Abbott Wells\nLake Kory, NY 82011-5725', null, '2017-07-07 02:41:32', '2017-07-07 02:41:32');
INSERT INTO `users` VALUES ('14', 'Kenna Stroman', 'quitzon.augustine@hotmail.com', '$2y$10$vcDHAXot.f3w/wRPyLSaLupJADBW/2Qv303rN73Z1zEMUJAzWlqfO', 'http://lorempixel.com/480/480/?39050', '888-466-1280', '0', '1979-03-31', '58165 Tillman Spurs\nNorth Jewell, CT 88239', null, '2017-07-07 02:41:32', '2017-07-07 02:41:32');
INSERT INTO `users` VALUES ('15', 'Josefina Terry IV', 'priscilla.rowe@yahoo.com', '$2y$10$yYMnZXkAao32g/V.z13PcOuxyWdIM5nlqDzYS0euW7FMeJw/9R8/O', 'http://lorempixel.com/480/480/?17488', '1-866-472-9504', '0', '1924-08-04', '449 Quitzon Gateway Suite 941\nOrlandborough, NC 82465-0569', null, '2017-07-07 02:41:32', '2017-07-07 02:41:32');
INSERT INTO `users` VALUES ('16', 'Audrey Gerhold', 'oberbrunner.grace@yahoo.com', '$2y$10$CFa3pIdX273tYrsXOe92eOi7DYGFHxm96EOoRKFWrm5lOzJL6cNHa', 'http://lorempixel.com/480/480/?51137', '(866) 322-0936', '0', '1981-01-31', '7420 Schamberger Dale\nNorth Tyreestad, PA 15994-2563', null, '2017-07-07 02:41:32', '2017-07-07 02:41:32');
INSERT INTO `users` VALUES ('17', 'Jason Davis', 'beaulah.kozey@cremin.net', '$2y$10$WVVT55QNAuAxzQw6qPEl3etGTvd.SjTipSYxM3Hgk2FMsAKAQhpkO', 'http://lorempixel.com/480/480/?25126', '(844) 231-2927', '0', '1994-09-26', '71297 Erich Run\nLehnerport, SC 14412-5086', null, '2017-07-07 02:41:32', '2017-07-07 02:41:32');
INSERT INTO `users` VALUES ('18', 'Monty Yost III', 'arlie26@vonrueden.com', '$2y$10$LyrNEBCmuiIh1r2NhhEbGOUhLG543kleJsdnKpwrD70fmOsMJw4BW', 'http://lorempixel.com/480/480/?76797', '(800) 739-9060', '1', '1937-04-17', '9619 Elnora Lock\nVitashire, AZ 13953-4783', null, '2017-07-07 02:41:32', '2017-07-07 02:41:32');
INSERT INTO `users` VALUES ('19', 'Eleanora Nader', 'corbin55@hotmail.com', '$2y$10$WtMa5Gv8CgzApzgYqauRO.ulerq2HDfhUcTINBqz/CkbRH1ZPUY/G', 'http://lorempixel.com/480/480/?26325', '(800) 857-5913', '0', '2006-07-31', '972 Buckridge Shore\nEast Kareem, AK 17312', null, '2017-07-07 02:41:32', '2017-07-07 02:41:32');
INSERT INTO `users` VALUES ('20', 'Dr. Aiyana Mosciski Sr.', 'whitney84@hotmail.com', '$2y$10$XIv7K55Hjuwt1KlwY6RlD.g2wEFW403sDO.qB3QdwMpGnPwAEw3h6', 'http://lorempixel.com/480/480/?23054', '1-888-368-8521', '0', '1949-05-10', '60428 Boyle Squares Suite 861\nNew Javonte, HI 76578-7079', null, '2017-07-07 02:41:32', '2017-07-07 02:41:32');
INSERT INTO `users` VALUES ('21', 'Prof. Leora Legros Jr.', 'guillermo.schmidt@gmail.com', '$2y$10$qcD4k8gQo1vxTlDgWXveh.mIsE7K8Hkw78t8UgV47rnz.8m6nKEnq', 'http://lorempixel.com/480/480/?65326', '(855) 977-6319', '1', '1965-02-23', '14986 Hermann Cliffs\nNew Kasandra, AZ 26048', null, '2017-07-07 02:41:32', '2017-07-07 02:41:32');
INSERT INTO `users` VALUES ('22', 'Katarina Rempel', 'ardella.ledner@yahoo.com', '$2y$10$dLLY6Bl3mvoKChkzc2v14uikuKp0pUsSB.BmNB9lMlh3MBgEVfUEi', 'http://lorempixel.com/480/480/?69827', '866-463-0345', '0', '1918-11-11', '20427 Botsford Prairie Suite 655\nSouth Alvena, ND 65169', null, '2017-07-07 02:41:32', '2017-07-07 02:41:32');
INSERT INTO `users` VALUES ('23', 'Miss Kattie Grimes', 'giovanna00@gmail.com', '$2y$10$/wvULTnoKbG1BdKi1ciT8e/m7VgawRipFDwqphReR7jiGjIBjdV6q', 'http://lorempixel.com/480/480/?37480', '855.693.4180', '0', '1928-07-26', '9423 Schuster Course Apt. 134\nKariannefort, IL 28356', null, '2017-07-07 02:41:32', '2017-07-07 02:41:32');
INSERT INTO `users` VALUES ('24', 'Prof. Americo Collier', 'osbaldo.bernier@yahoo.com', '$2y$10$6zs2qyywFtAPkouD3hGsoe9EgUUl13qGBRIdKxFQ34gOXhhg1mf6a', 'http://lorempixel.com/480/480/?15937', '(800) 981-8681', '1', '1945-06-20', '574 Estella Crossroad\nWest Akeemfort, NC 66221', null, '2017-07-07 02:41:32', '2017-07-07 02:41:32');
INSERT INTO `users` VALUES ('25', 'Mr. Armando Lind Sr.', 'macy.keeling@reichel.com', '$2y$10$R3VdKFlfEzge3tEBTtcMu.4CU33GGvACwO91XE9nrKjjgF/rOy3nG', 'http://lorempixel.com/480/480/?84389', '844-719-4940', '0', '1925-11-18', '81222 Clark Mission Apt. 749\nNorth Gayle, AL 83594', null, '2017-07-07 02:41:32', '2017-07-07 02:41:32');
INSERT INTO `users` VALUES ('26', 'Miss Ella Tremblay V', 'hudson.marcelle@yahoo.com', '$2y$10$/zf9u7LK6yadW8A96YvVduenb6PHQEMYTXX1Z9PF7yZly6vaEdJLC', 'http://lorempixel.com/480/480/?74294', '1-877-410-5058', '1', '1933-01-22', '5381 Payton Alley Apt. 689\nDinoside, MA 86986', null, '2017-07-07 02:41:32', '2017-07-07 02:41:32');
INSERT INTO `users` VALUES ('27', 'Ms. Josefina Farrell', 'alejandra.aufderhar@gmail.com', '$2y$10$JMuBlC/f7uMPy6xEDHhxH.U1kIzhQEdbweprhoQvFT1/Srv8sFmHe', 'http://lorempixel.com/480/480/?24719', '(800) 244-1047', '1', '1961-09-19', '97217 Smitham Spring Suite 189\nPort Samirchester, VT 10020-6569', null, '2017-07-07 02:41:32', '2017-07-07 02:41:32');
INSERT INTO `users` VALUES ('28', 'Mrs. Berenice Kovacek', 'wdibbert@yahoo.com', '$2y$10$vvmH3gdcfsqjD/wO/.OCfOaOrqByWgT6bfoU1/3fSBGFbyO/tLFY.', 'http://lorempixel.com/480/480/?51133', '855-715-8830', '0', '1943-04-27', '88282 Alison Green\nOrnside, TX 60651', null, '2017-07-07 02:41:33', '2017-07-07 02:41:33');
INSERT INTO `users` VALUES ('29', 'Mrs. Rafaela Rowe', 'franz04@yahoo.com', '$2y$10$MoiPqM4aleSewKRHRQQbeenF4Mwr4.6d9TVTV0nPkBcEb9rN8zSju', 'http://lorempixel.com/480/480/?28881', '(800) 325-0101', '0', '1927-09-19', '181 Julius Greens\nKuhnborough, FL 98657', null, '2017-07-07 02:41:33', '2017-07-07 02:41:33');
INSERT INTO `users` VALUES ('30', 'Mrs. Mable Howell IV', 'upton.kory@pagac.biz', '$2y$10$ctPUMii1QduprnTOEngq4e4qZk28Wu/usKvvmKrPIgg7S3l1rkQIa', 'http://lorempixel.com/480/480/?27541', '1-855-949-4773', '1', '1917-09-18', '925 Mitchell Spring Suite 834\nNew Shanelle, ME 16546', null, '2017-07-07 02:41:33', '2017-07-07 02:41:33');
INSERT INTO `users` VALUES ('31', 'Christian Jacobi', 'hackett.nash@yahoo.com', '$2y$10$rfpUeE3b6CE8d0kPpUDg2.k6sSyn3xUA9hz3g/kozMrZp580ngiaO', 'http://lorempixel.com/480/480/?44774', '888-522-1416', '0', '1942-04-06', '505 Deontae Divide\nPort Huldaview, NM 65163', null, '2017-07-07 02:41:33', '2017-07-07 02:41:33');
INSERT INTO `users` VALUES ('32', 'Bernita Becker', 'jast.lupe@gmail.com', '$2y$10$ZoHtMuFFC1S0qnsf9Qwp/uNNzNh1dLY2wvouHXCujvCtgX5/2/kqe', 'http://lorempixel.com/480/480/?26631', '1-888-656-4640', '1', '1991-09-25', '85762 Lowe Summit\nPort Rey, LA 90925', null, '2017-07-07 02:41:33', '2017-07-07 02:41:33');
INSERT INTO `users` VALUES ('33', 'Prof. Zella Runte', 'whalvorson@gmail.com', '$2y$10$hHtT5Xmy/dekCvwboyzF2ezJ.FDXNJA29C9RtlgjR4U15mHiDT3Pa', 'http://lorempixel.com/480/480/?60022', '1-866-405-1780', '1', '1952-06-21', '52445 Langosh Park Apt. 209\nWest Mikel, CT 05963', null, '2017-07-07 02:41:33', '2017-07-07 02:41:33');
INSERT INTO `users` VALUES ('34', 'Prof. Alden Strosin II', 'kozey.barbara@mayer.net', '$2y$10$lbxXIZlvL/6O2ALV/sZQFupBBnIXYilvTx0UoLmPspqRAgidqAc5e', 'http://lorempixel.com/480/480/?11203', '(800) 662-0797', '0', '1925-07-20', '5954 Price Stravenue Apt. 342\nWest Alana, IL 27646-2159', null, '2017-07-07 02:41:33', '2017-07-07 02:41:33');
INSERT INTO `users` VALUES ('35', 'Mr. Isadore VonRueden', 'cortez.larson@hotmail.com', '$2y$10$m6G/r8VbxmmlM3do38IfyO30FPzeAxxxroEP1HXDI.WqaPjkKT7FW', 'http://lorempixel.com/480/480/?33213', '1-888-688-2517', '1', '1947-11-20', '6704 Earlene Mews\nNew Efrain, LA 94820', null, '2017-07-07 02:41:33', '2017-07-07 02:41:33');
INSERT INTO `users` VALUES ('36', 'Dr. Jazmin Ledner III', 'dtorphy@okeefe.com', '$2y$10$W2NaJOsJv7Og1YNFKFOjpe1jAIQNE2GER7yfXV3B3RHAHPtBPlY6.', 'http://lorempixel.com/480/480/?30495', '866.719.1571', '1', '1926-04-10', '282 Thad Walk Suite 644\nNew Denamouth, DE 59542-8401', null, '2017-07-07 02:41:33', '2017-07-07 02:41:33');
INSERT INTO `users` VALUES ('37', 'Tiara Smitham', 'tressie05@gmail.com', '$2y$10$6gNYnFvdTT3lBHKIaYTaMOcJ8HQkCUqjH4852Pha4K6ZouyuxhD/y', 'http://lorempixel.com/480/480/?26967', '866.731.2693', '0', '1954-01-12', '4904 Wuckert Corner Apt. 640\nEast Eltonburgh, NV 87339', null, '2017-07-07 02:41:33', '2017-07-07 02:41:33');
INSERT INTO `users` VALUES ('38', 'Isadore Heathcote', 'desiree27@ernser.com', '$2y$10$4kluFDONa/YhcMKxDtqsiOY.NmFb2cTpoqU2mSQfg3C46vr60PL.u', 'http://lorempixel.com/480/480/?48245', '(877) 762-5220', '1', '1948-02-24', '80561 Jadyn Lakes Suite 661\nFerryberg, ND 39855-9862', null, '2017-07-07 02:41:33', '2017-07-07 02:41:33');
INSERT INTO `users` VALUES ('39', 'Ron Considine', 'delbert.strosin@yahoo.com', '$2y$10$c/jyNTc3hLyGG9dmfCDpnOyjHr10Ma1X4krLytnZ1pOeD2yepQbaK', 'http://lorempixel.com/480/480/?34162', '866-470-4965', '0', '1949-11-30', '36303 Khalid Loop\nElissaburgh, IL 11070-0772', null, '2017-07-07 02:41:33', '2017-07-07 02:41:33');
INSERT INTO `users` VALUES ('40', 'Dominic Ratke', 'hellen.reynolds@gmail.com', '$2y$10$HuoWcetsp4nZOZNqEMvWKeg6AfBrfkHzyUkK8bqH.3cDZe/WVSkhO', 'http://lorempixel.com/480/480/?46554', '866-976-7709', '1', '2006-04-17', '572 Koelpin Parks\nKolemouth, AZ 75193-2902', null, '2017-07-07 02:41:33', '2017-07-07 02:41:33');
INSERT INTO `users` VALUES ('41', 'Odie Littel', 'phuels@wisozk.com', '$2y$10$y6gpkb9ZJWANp6asF/qXOunESh99PqremoKop9SlZgWIBO5F/o5gq', 'http://lorempixel.com/480/480/?91751', '(888) 694-1175', '1', '1933-10-16', '48478 Kris Row Suite 434\nEast Enoch, SC 73434', null, '2017-07-07 02:41:33', '2017-07-07 02:41:33');
INSERT INTO `users` VALUES ('42', 'Mrs. Shania Bogan', 'ncasper@simonis.com', '$2y$10$gIXB3JW9TUheS3I7d2gWE.V3kKLRG55rfoeL5Ptk68uI2y3Twyzn6', 'http://lorempixel.com/480/480/?11627', '855.396.4567', '0', '2008-05-10', '529 Athena Run\nPort Sedrick, VA 40732-4936', null, '2017-07-07 02:41:33', '2017-07-07 02:41:33');
INSERT INTO `users` VALUES ('43', 'Dr. Rashawn Parisian', 'gay.altenwerth@mckenzie.net', '$2y$10$pQtVOgXpNKP0phwZz6tqWe/vdU1XOGzo.wfEQvPRPabtaC6ICaWki', 'http://lorempixel.com/480/480/?19756', '866.697.1874', '0', '1956-09-23', '48135 Rebekah Mews\nJacobiview, TN 57553-1891', null, '2017-07-07 02:41:34', '2017-07-07 02:41:34');
INSERT INTO `users` VALUES ('44', 'Sabryna Towne', 'daija52@yahoo.com', '$2y$10$F.yve9SCazErKY4c72QXMeTcUn3N.38S8LfhUTcFcibyUMCBj82DC', 'http://lorempixel.com/480/480/?51912', '844-920-0393', '0', '1936-03-20', '57305 Kassulke Path Suite 057\nMoenshire, IN 32704-1340', null, '2017-07-07 02:41:34', '2017-07-07 02:41:34');
INSERT INTO `users` VALUES ('45', 'Olaf Gislason II', 'cedrick.daniel@rippin.com', '$2y$10$jDbEEhs1MExApk2/S3ch8uDhh1I7LAGoHuceYmcl6nIvHJXEds.j2', 'http://lorempixel.com/480/480/?92824', '(888) 537-8862', '0', '1972-10-26', '351 Strosin Trail Suite 468\nElijahberg, TX 86130', null, '2017-07-07 02:41:34', '2017-07-07 02:41:34');
INSERT INTO `users` VALUES ('46', 'Ms. Zelda Satterfield', 'madeline83@marks.net', '$2y$10$CHsCTSZ8QsWqIvnjyk2fNOXPtzekjEFwzFztz6GsT9Hxu1CcrpuqO', 'http://lorempixel.com/480/480/?16463', '(800) 833-2130', '0', '1934-11-06', '8118 Rohan Prairie Apt. 519\nBeulahton, PA 90836', null, '2017-07-07 02:41:34', '2017-07-07 02:41:34');
INSERT INTO `users` VALUES ('47', 'Miss Skyla Schiller', 'yyost@johnston.com', '$2y$10$fqGsAbHKzOlxzFNLlfspTOFN77JEBaY4OUI7nzPYHde./jZPbGN0O', 'http://lorempixel.com/480/480/?41578', '800.907.1441', '0', '1927-09-04', '540 D\'Amore Mountains Suite 032\nAdaview, AL 69878', null, '2017-07-07 02:41:34', '2017-07-07 02:41:34');
INSERT INTO `users` VALUES ('48', 'Mariane Kreiger', 'simonis.emmy@yahoo.com', '$2y$10$DELDDOHcIGvIAt4l2fF2VeJTuTHz5926OO8Qla2c7QrxkAlZzqKMG', 'http://lorempixel.com/480/480/?83030', '877.430.8109', '0', '1965-06-26', '458 Kira Stream Suite 893\nLavinaside, LA 45606', null, '2017-07-07 02:41:34', '2017-07-07 02:41:34');
INSERT INTO `users` VALUES ('49', 'Elmira Bailey', 'zoila.greenholt@considine.com', '$2y$10$i3Vjrt4IDUijMZo.LoU14eoVWWJSvwql5wRc4HM3cmee5fNeC0NA2', 'http://lorempixel.com/480/480/?70215', '1-855-475-3456', '1', '2013-11-18', '9333 Zoey Parkway Apt. 689\nPort Crystel, NC 58825', null, '2017-07-07 02:41:34', '2017-07-07 02:41:34');
INSERT INTO `users` VALUES ('50', 'Kenny Watsica', 'miguel97@ledner.com', '$2y$10$9XYvasv0HSymbYWC54URYu8RkDALYxA7nUvtYzif0voFCwHt53Nom', 'http://lorempixel.com/480/480/?47301', '(855) 372-8870', '1', '1933-05-15', '39704 Wyman Bridge Apt. 530\nKshlerinmouth, VT 25809', null, '2017-07-07 02:41:34', '2017-07-07 02:41:34');
